customer_id,nickname,gender,age_group,home_branch_id,joined_date,phone,joined
C00001,กมล,หญิง,18-24,B02,2026-03-03,082-xxx-6693,2026-03-03
C00002,กิตติ,ชาย,25-34,B04,2026-01-18,084-xxx-3734,2026-01-18
C00003,ปิยะ,หญิง,18-24,B04,2025-05-04,089-xxx-9286,2025-05-04
C00004,ปิยะ,หญิง,18-24,B05,2026-05-05,083-xxx-7314,2026-05-05
C00005,รัตนา,หญิง,25-34,B04,2026-07-10,083-xxx-5701,2026-07-10
C00006,กมล,ชาย,18-24,B04,2026-08-16,086-xxx-1895,2026-08-16
C00007,วรรณ,ชาย,45-54,B03,2026-07-17,087-xxx-3147,2026-07-17
C00008,ภัทร,หญิง,25-34,B01,2026-04-07,087-xxx-9877,2026-04-07
C00009,ภัทร,ชาย,18-24,B04,2026-01-10,089-xxx-7309,2026-01-10
C00010,อัญชลี,หญิง,18-24,B04,2026-06-15,089-xxx-9676,2026-06-15
C00011,ธีร,ไม่ระบุ,25-34,B05,2025-07-27,088-xxx-7647,2025-07-27
C00012,วีระ,ชาย,25-34,B04,2025-06-28,083-xxx-2997,2025-06-28
C00013,อัญชลี,ชาย,ต่ำกว่า 18,B03,2025-12-02,088-xxx-1723,2025-12-02
C00014,เกศ,ชาย,18-24,B03,2026-04-16,081-xxx-5807,2026-04-16
C00015,มานพ,หญิง,25-34,B03,2026-06-26,087-xxx-7840,2026-06-26
C00016,วีระ,ชาย,18-24,B05,2026-08-11,083-xxx-4615,2026-08-11
C00017,จิรา,หญิง,25-34,B04,2026-04-05,086-xxx-9108,2026-04-05
C00018,วรรณ,หญิง,35-44,B03,2026-02-11,086-xxx-8878,2026-02-11
C00019,ธนา,หญิง,35-44,B02,2025-06-05,082-xxx-6406,2025-06-05
C00020,ภัทร,หญิง,25-34,B04,2025-07-03,086-xxx-6190,2025-07-03
C00021,พิม,หญิง,25-34,B03,2026-07-18,085-xxx-9958,2026-07-18
C00022,กมล,หญิง,25-34,B01,2026-02-14,086-xxx-5211,2026-02-14
C00023,ภูมิ,ชาย,18-24,B02,2026-01-11,085-xxx-2922,2026-01-11
C00024,กมล,หญิง,55+,B01,2026-08-07,089-xxx-6850,2026-08-07
C00025,จิรา,หญิง,18-24,B01,2025-05-29,085-xxx-7180,2025-05-29
C00026,ธนา,หญิง,35-44,B05,2025-05-05,089-xxx-5253,2025-05-05
C00027,สมชาย,หญิง,18-24,B05,2025-10-08,087-xxx-1735,2025-10-08
C00028,มานพ,ชาย,45-54,B01,2026-04-29,085-xxx-7097,2026-04-29
C00029,สมชาย,หญิง,45-54,B01,2026-05-01,081-xxx-9016,2026-05-01
C00030,กิตติ,หญิง,25-34,B01,2026-07-12,085-xxx-9731,2026-07-12
C00031,อรุณ,หญิง,45-54,B01,2026-08-08,088-xxx-5939,2026-08-08
C00032,นภัส,ชาย,45-54,B05,2026-06-19,082-xxx-1167,2026-06-19
C00033,ชนา,ชาย,25-34,B01,2025-05-20,085-xxx-5390,2025-05-20
C00034,สุดา,ชาย,18-24,B01,2025-11-09,083-xxx-7772,2025-11-09
C00035,สุดา,หญิง,55+,B04,2026-05-27,081-xxx-8582,2026-05-27
C00036,นภัส,ชาย,35-44,B05,2026-09-04,087-xxx-6083,2026-09-04
C00037,เกศ,ชาย,45-54,B05,2026-01-09,085-xxx-8732,2026-01-09
C00038,ปิยะ,หญิง,ต่ำกว่า 18,B05,2026-08-07,088-xxx-9435,2026-08-07
C00039,รัตนา,ชาย,35-44,B04,2026-01-07,085-xxx-8885,2026-01-07
C00040,พิม,หญิง,35-44,B04,2025-06-20,086-xxx-5032,2025-06-20
C00041,เกศ,ชาย,35-44,B05,2026-08-29,088-xxx-9000,2026-08-29
C00042,กิตติ,หญิง,55+,B05,2026-03-10,086-xxx-9818,2026-03-10
C00043,พิม,หญิง,45-54,B01,2026-04-15,086-xxx-2416,2026-04-15
C00044,อัญชลี,ชาย,45-54,B04,2025-09-21,084-xxx-3462,2025-09-21
C00045,อัญชลี,หญิง,25-34,B04,2025-11-21,083-xxx-8419,2025-11-21
C00046,ภูมิ,หญิง,18-24,B05,2025-09-12,082-xxx-8032,2025-09-12
C00047,ภูมิ,ชาย,25-34,B01,2026-03-07,083-xxx-6495,2026-03-07
C00048,จิรา,หญิง,ต่ำกว่า 18,B04,2025-09-06,081-xxx-3859,2025-09-06
C00049,ศิริ,ชาย,25-34,B05,2026-05-30,088-xxx-6959,2026-05-30
C00050,รัตนา,หญิง,25-34,B01,2025-08-02,089-xxx-3571,2025-08-02
C00051,ทิพย์,ชาย,ต่ำกว่า 18,B01,2025-06-23,083-xxx-3815,2025-06-23
C00052,ทิพย์,หญิง,55+,B03,2026-06-17,085-xxx-5917,2026-06-17
C00053,วีระ,หญิง,25-34,B05,2025-09-16,085-xxx-7070,2025-09-16
C00054,ภูมิ,หญิง,45-54,B05,2025-10-13,085-xxx-5948,2025-10-13
C00055,ธนา,หญิง,25-34,B02,2026-05-20,088-xxx-4229,2026-05-20
C00056,ทิพย์,ชาย,25-34,B05,2025-12-22,082-xxx-6000,2025-12-22
C00057,สุดา,ชาย,18-24,B05,2026-08-20,089-xxx-5789,2026-08-20
C00058,สุดา,หญิง,35-44,B02,2026-03-29,083-xxx-5342,2026-03-29
C00059,จิรา,หญิง,18-24,B05,2025-12-30,081-xxx-7432,2025-12-30
C00060,ธีร,ชาย,45-54,B01,2025-08-20,087-xxx-2039,2025-08-20
C00061,พิม,หญิง,45-54,B02,2025-12-23,088-xxx-7564,2025-12-23
C00062,นภัส,หญิง,25-34,B04,2025-04-17,081-xxx-8719,2025-04-17
C00063,วีระ,หญิง,35-44,B01,2026-09-10,086-xxx-4579,2026-09-10
C00064,อัญชลี,หญิง,18-24,B02,2026-03-25,083-xxx-8853,2026-03-25
C00065,มานพ,ชาย,25-34,B05,2025-05-04,086-xxx-6165,2025-05-04
C00066,กมล,ไม่ระบุ,35-44,B01,2025-10-20,086-xxx-6400,2025-10-20
C00067,ธีร,หญิง,18-24,B04,2025-07-19,081-xxx-7615,2025-07-19
C00068,ปิยะ,หญิง,25-34,B05,2025-04-12,088-xxx-5690,2025-04-12
C00069,ภัทร,ชาย,55+,B05,2026-07-12,086-xxx-2816,2026-07-12
C00070,มานพ,หญิง,25-34,B05,2025-08-05,083-xxx-6314,2025-08-05
C00071,นภัส,ชาย,18-24,B04,2026-08-20,081-xxx-3207,2026-08-20
C00072,ปิยะ,หญิง,25-34,B05,2025-07-31,085-xxx-4658,2025-07-31
C00073,ชนา,ชาย,18-24,B01,2025-11-14,082-xxx-5547,2025-11-14
C00074,ธีร,ชาย,ต่ำกว่า 18,B03,2026-07-18,086-xxx-9947,2026-07-18
C00075,วีระ,ชาย,55+,B05,2026-01-20,086-xxx-4902,2026-01-20
C00076,มานพ,ชาย,25-34,B05,2025-05-24,083-xxx-7583,2025-05-24
C00077,ปิยะ,หญิง,25-34,B03,2026-03-10,085-xxx-6242,2026-03-10
C00078,ปิยะ,ชาย,ต่ำกว่า 18,B04,2026-01-02,087-xxx-7882,2026-01-02
C00079,ธนา,หญิง,25-34,B03,2025-11-26,087-xxx-4552,2025-11-26
C00080,วีระ,หญิง,18-24,B02,2026-06-16,081-xxx-3674,2026-06-16
C00081,วรรณ,หญิง,18-24,B02,2025-05-19,087-xxx-8426,2025-05-19
C00082,ศิริ,ชาย,25-34,B01,2026-05-16,088-xxx-5789,2026-05-16
C00083,ณัฐ,หญิง,45-54,B02,2025-11-09,081-xxx-2032,2025-11-09
C00084,ทิพย์,หญิง,18-24,B01,2025-10-20,082-xxx-3704,2025-10-20
C00085,ปิยะ,หญิง,25-34,B01,2025-07-13,086-xxx-1237,2025-07-13
C00086,สมชาย,ชาย,25-34,B01,2026-08-07,089-xxx-8145,2026-08-07
C00087,กมล,หญิง,25-34,B02,2026-07-01,085-xxx-9483,2026-07-01
C00088,ทิพย์,ชาย,45-54,B03,2026-07-08,085-xxx-2974,2026-07-08
C00089,ภัทร,ชาย,18-24,B03,2026-05-23,081-xxx-3858,2026-05-23
C00090,ธีร,ชาย,25-34,B01,2025-05-15,084-xxx-1308,2025-05-15
C00091,มานพ,ชาย,45-54,B05,2026-06-17,081-xxx-4431,2026-06-17
C00092,ศิริ,หญิง,25-34,B04,2026-08-02,085-xxx-9616,2026-08-02
C00093,มานพ,ชาย,25-34,B04,2025-09-14,087-xxx-3713,2025-09-14
C00094,วรรณ,ชาย,18-24,B01,2026-07-25,084-xxx-6598,2026-07-25
C00095,กมล,ชาย,25-34,B04,2026-07-25,087-xxx-3532,2026-07-25
C00096,รัตนา,ชาย,25-34,B04,2026-06-10,088-xxx-7401,2026-06-10
C00097,ทิพย์,หญิง,25-34,B02,2025-04-08,082-xxx-8465,2025-04-08
C00098,จิรา,ชาย,25-34,B04,2026-04-29,085-xxx-7518,2026-04-29
C00099,สมชาย,หญิง,18-24,B01,2026-07-08,085-xxx-4491,2026-07-08
C00100,มานพ,ชาย,25-34,B03,2025-12-17,082-xxx-7695,2025-12-17
C00101,ทิพย์,ชาย,25-34,B02,2025-08-01,086-xxx-5318,2025-08-01
C00102,อัญชลี,หญิง,55+,B03,2026-04-09,088-xxx-8678,2026-04-09
C00103,ชนา,ชาย,45-54,B03,2026-08-11,087-xxx-4136,2026-08-11
C00104,อัญชลี,หญิง,25-34,B02,2025-06-15,086-xxx-8428,2025-06-15
C00105,นภัส,ชาย,45-54,B01,2025-11-13,089-xxx-6997,2025-11-13
C00106,สมชาย,หญิง,25-34,B02,2025-08-12,087-xxx-1821,2025-08-12
C00107,ภูมิ,ชาย,18-24,B04,2026-08-22,082-xxx-3026,2026-08-22
C00108,อัญชลี,ชาย,25-34,B04,2026-03-03,081-xxx-6724,2026-03-03
C00109,รัตนา,ชาย,25-34,B03,2026-02-15,081-xxx-4590,2026-02-15
C00110,ปิยะ,หญิง,18-24,B02,2026-05-18,085-xxx-7958,2026-05-18
C00111,ทิพย์,ชาย,35-44,B05,2026-03-18,083-xxx-2962,2026-03-18
C00112,มานพ,หญิง,25-34,B01,2025-09-24,088-xxx-7917,2025-09-24
C00113,นภัส,ชาย,55+,B04,2026-06-16,084-xxx-3165,2026-06-16
C00114,ธีร,หญิง,35-44,B02,2025-06-21,085-xxx-4509,2025-06-21
C00115,อรุณ,หญิง,55+,B01,2025-10-20,083-xxx-6525,2025-10-20
C00116,ภูมิ,หญิง,25-34,B02,2026-09-02,082-xxx-7093,2026-09-02
C00117,ชนา,หญิง,25-34,B04,2026-07-11,084-xxx-9527,2026-07-11
C00118,ธนา,หญิง,55+,B05,2025-07-17,082-xxx-8152,2025-07-17
C00119,ณัฐ,หญิง,45-54,B05,2026-03-04,085-xxx-4184,2026-03-04
C00120,ศิริ,หญิง,18-24,B05,2025-04-28,082-xxx-8300,2025-04-28
C00121,รัตนา,ชาย,25-34,B05,2025-11-16,082-xxx-2366,2025-11-16
C00122,ภัทร,ชาย,35-44,B03,2026-01-08,086-xxx-9202,2026-01-08
C00123,จิรา,หญิง,25-34,B01,2025-11-22,081-xxx-4098,2025-11-22
C00124,ปิยะ,หญิง,ต่ำกว่า 18,B01,2025-07-02,087-xxx-5575,2025-07-02
C00125,มานพ,หญิง,55+,B05,2025-09-23,081-xxx-9387,2025-09-23
C00126,สุดา,หญิง,25-34,B02,2026-03-09,086-xxx-6608,2026-03-09
C00127,อรุณ,ชาย,18-24,B05,2025-07-28,082-xxx-8028,2025-07-28
C00128,ชนา,ชาย,35-44,B02,2026-06-30,088-xxx-6915,2026-06-30
C00129,ทิพย์,หญิง,35-44,B01,2025-07-10,085-xxx-2463,2025-07-10
C00130,มานพ,หญิง,25-34,B02,2026-01-31,084-xxx-4504,2026-01-31
C00131,จิรา,ชาย,35-44,B01,2025-09-15,085-xxx-4322,2025-09-15
C00132,ปิยะ,ชาย,18-24,B01,2026-07-03,082-xxx-1658,2026-07-03
C00133,มานพ,ชาย,35-44,B02,2025-06-08,081-xxx-8023,2025-06-08
C00134,ธีร,ชาย,25-34,B05,2026-02-21,084-xxx-4620,2026-02-21
C00135,อัญชลี,หญิง,18-24,B05,2025-04-28,088-xxx-9263,2025-04-28
C00136,สมชาย,ชาย,ต่ำกว่า 18,B04,2025-05-28,084-xxx-7699,2025-05-28
C00137,ณัฐ,ชาย,25-34,B04,2026-01-24,081-xxx-4504,2026-01-24
C00138,ภูมิ,ชาย,18-24,B04,2025-10-15,086-xxx-1270,2025-10-15
C00139,กิตติ,หญิง,25-34,B04,2025-04-06,087-xxx-9310,2025-04-06
C00140,จิรา,ชาย,25-34,B02,2026-09-01,089-xxx-1549,2026-09-01
C00141,กมล,ชาย,35-44,B05,2025-09-10,089-xxx-4649,2025-09-10
C00142,จิรา,หญิง,25-34,B05,2025-12-14,081-xxx-3003,2025-12-14
C00143,ทิพย์,หญิง,25-34,B05,2025-08-29,082-xxx-9854,2025-08-29
C00144,ทิพย์,หญิง,25-34,B02,2025-06-13,088-xxx-8918,2025-06-13
C00145,ปิยะ,ไม่ระบุ,35-44,B02,2026-02-20,082-xxx-3424,2026-02-20
C00146,ชนา,หญิง,25-34,B05,2025-05-16,089-xxx-2717,2025-05-16
C00147,จิรา,หญิง,25-34,B05,2026-03-05,085-xxx-1543,2026-03-05
C00148,ปวีณ,หญิง,25-34,B05,2026-02-26,089-xxx-1172,2026-02-26
C00149,ธีร,หญิง,18-24,B03,2026-07-23,085-xxx-2218,2026-07-23
C00150,เกศ,หญิง,45-54,B01,2026-07-05,084-xxx-5022,2026-07-05
C00151,มานพ,ชาย,45-54,B03,2026-08-30,081-xxx-4866,2026-08-30
C00152,พิม,หญิง,18-24,B01,2026-03-25,081-xxx-7137,2026-03-25
C00153,รัตนา,ชาย,35-44,B05,2025-08-10,088-xxx-1767,2025-08-10
C00154,ชนา,หญิง,18-24,B05,2026-07-26,088-xxx-2094,2026-07-26
C00155,มานพ,ชาย,25-34,B03,2026-05-03,086-xxx-5998,2026-05-03
C00156,สุดา,หญิง,55+,B04,2025-11-02,088-xxx-1700,2025-11-02
C00157,กมล,ชาย,35-44,B01,2026-04-27,087-xxx-3901,2026-04-27
C00158,อรุณ,หญิง,25-34,B01,2025-07-08,086-xxx-9378,2025-07-08
C00159,เกศ,หญิง,25-34,B05,2025-04-21,089-xxx-2766,2025-04-21
C00160,ธีร,ชาย,55+,B05,2025-11-13,085-xxx-4632,2025-11-13
C00161,ศิริ,หญิง,25-34,B05,2026-02-11,081-xxx-5467,2026-02-11
C00162,จิรา,หญิง,25-34,B01,2026-02-06,085-xxx-6632,2026-02-06
C00163,ธนา,หญิง,25-34,B01,2026-02-05,086-xxx-8106,2026-02-05
C00164,พิม,ชาย,35-44,B04,2025-11-09,086-xxx-3887,2025-11-09
C00165,ธนา,หญิง,18-24,B04,2025-07-27,084-xxx-6009,2025-07-27
C00166,จิรา,หญิง,18-24,B02,2026-08-13,085-xxx-1842,2026-08-13
C00167,วีระ,ไม่ระบุ,25-34,B02,2026-06-30,086-xxx-3868,2026-06-30
C00168,อัญชลี,หญิง,18-24,B03,2026-03-07,089-xxx-4311,2026-03-07
C00169,พิม,หญิง,25-34,B01,2026-07-29,089-xxx-4262,2026-07-29
C00170,ภัทร,หญิง,35-44,B02,2025-08-15,082-xxx-6807,2025-08-15
C00171,อรุณ,หญิง,18-24,B03,2026-07-07,082-xxx-8136,2026-07-07
C00172,วรรณ,หญิง,18-24,B01,2025-07-26,085-xxx-6691,2025-07-26
C00173,กมล,ชาย,35-44,B01,2026-08-04,084-xxx-7338,2026-08-04
C00174,ภัทร,ชาย,25-34,B03,2026-07-26,088-xxx-1475,2026-07-26
C00175,ณัฐ,ชาย,25-34,B01,2025-10-18,085-xxx-6708,2025-10-18
C00176,อัญชลี,หญิง,45-54,B02,2026-02-02,089-xxx-2020,2026-02-02
C00177,ชนา,ชาย,25-34,B01,2026-02-28,086-xxx-8065,2026-02-28
C00178,สมชาย,หญิง,18-24,B04,2026-02-09,084-xxx-3042,2026-02-09
C00179,รัตนา,ชาย,18-24,B02,2025-12-06,086-xxx-2646,2025-12-06
C00180,สุดา,หญิง,25-34,B01,2025-09-30,089-xxx-6071,2025-09-30
C00181,ศิริ,ชาย,25-34,B05,2026-02-06,084-xxx-5034,2026-02-06
C00182,ธนา,ชาย,18-24,B01,2026-02-04,084-xxx-2976,2026-02-04
C00183,กิตติ,ชาย,18-24,B05,2025-04-27,087-xxx-1279,2025-04-27
C00184,สมชาย,ไม่ระบุ,18-24,B02,2025-08-31,083-xxx-1286,2025-08-31
C00185,วีระ,หญิง,45-54,B04,2026-02-12,085-xxx-5007,2026-02-12
C00186,วีระ,ชาย,35-44,B05,2025-04-06,085-xxx-3919,2025-04-06
C00187,มานพ,ชาย,45-54,B02,2025-10-12,089-xxx-1413,2025-10-12
C00188,ทิพย์,หญิง,35-44,B03,2026-07-16,088-xxx-8998,2026-07-16
C00189,เกศ,ชาย,35-44,B01,2026-05-13,082-xxx-1968,2026-05-13
C00190,ศิริ,หญิง,55+,B05,2026-03-19,085-xxx-3522,2026-03-19
C00191,อัญชลี,หญิง,35-44,B01,2026-03-29,082-xxx-8333,2026-03-29
C00192,วรรณ,หญิง,18-24,B05,2025-11-18,081-xxx-7248,2025-11-18
C00193,มานพ,หญิง,18-24,B03,2026-02-14,082-xxx-6597,2026-02-14
C00194,วีระ,ชาย,35-44,B05,2025-10-01,089-xxx-7803,2025-10-01
C00195,ศิริ,ชาย,55+,B04,2026-03-07,085-xxx-6131,2026-03-07
C00196,ภัทร,หญิง,25-34,B04,2025-12-07,087-xxx-4750,2025-12-07
C00197,ทิพย์,ชาย,25-34,B04,2026-05-05,088-xxx-9840,2026-05-05
C00198,ปิยะ,หญิง,18-24,B01,2026-08-16,085-xxx-1695,2026-08-16
C00199,ภูมิ,หญิง,25-34,B03,2026-07-08,083-xxx-2200,2026-07-08
C00200,พิม,หญิง,18-24,B01,2025-07-15,086-xxx-9373,2025-07-15
C00201,ธีร,ชาย,18-24,B01,2026-04-09,082-xxx-4504,2026-04-09
C00202,สมชาย,ชาย,35-44,B02,2026-04-29,088-xxx-6687,2026-04-29
C00203,ปวีณ,หญิง,25-34,B02,2026-01-26,088-xxx-3646,2026-01-26
C00204,ศิริ,ชาย,35-44,B05,2026-04-07,083-xxx-4750,2026-04-07
C00205,วีระ,ชาย,25-34,B01,2026-01-06,089-xxx-5548,2026-01-06
C00206,ภูมิ,ชาย,45-54,B01,2026-04-24,085-xxx-9673,2026-04-24
C00207,ปิยะ,หญิง,18-24,B05,2026-08-27,081-xxx-7384,2026-08-27
C00208,ธีร,หญิง,18-24,B03,2026-03-01,081-xxx-7810,2026-03-01
C00209,นภัส,ชาย,18-24,B01,2025-07-23,085-xxx-9196,2025-07-23
C00210,ศิริ,ชาย,18-24,B01,2025-05-16,085-xxx-2389,2025-05-16
C00211,ปิยะ,หญิง,35-44,B05,2025-12-22,088-xxx-1662,2025-12-22
C00212,อรุณ,หญิง,55+,B01,2026-04-20,081-xxx-6511,2026-04-20
C00213,นภัส,หญิง,25-34,B02,2026-01-13,082-xxx-9839,2026-01-13
C00214,ธนา,หญิง,18-24,B05,2026-03-26,087-xxx-1072,2026-03-26
C00215,กมล,หญิง,ต่ำกว่า 18,B05,2026-07-29,085-xxx-9049,2026-07-29
C00216,นภัส,หญิง,35-44,B05,2026-08-14,087-xxx-3328,2026-08-14
C00217,พิม,หญิง,18-24,B01,2025-11-11,085-xxx-3776,2025-11-11
C00218,ณัฐ,ชาย,35-44,B01,2026-06-26,088-xxx-5690,2026-06-26
C00219,สุดา,ชาย,18-24,B05,2026-05-05,085-xxx-4076,2026-05-05
C00220,รัตนา,หญิง,35-44,B05,2026-04-03,088-xxx-4716,2026-04-03
C00221,สุดา,หญิง,25-34,B02,2026-07-22,088-xxx-2943,2026-07-22
C00222,ธนา,หญิง,25-34,B01,2025-10-31,088-xxx-6407,2025-10-31
C00223,ธนา,ชาย,18-24,B01,2025-11-28,088-xxx-4694,2025-11-28
C00224,ปิยะ,หญิง,25-34,B04,2026-03-17,084-xxx-8716,2026-03-17
C00225,มานพ,หญิง,35-44,B02,2026-07-14,082-xxx-8677,2026-07-14
C00226,กิตติ,หญิง,ต่ำกว่า 18,B05,2025-12-11,089-xxx-3890,2025-12-11
C00227,สมชาย,ชาย,18-24,B02,2026-06-09,087-xxx-6615,2026-06-09
C00228,ภูมิ,ไม่ระบุ,35-44,B03,2026-04-03,082-xxx-7829,2026-04-03
C00229,จิรา,หญิง,18-24,B03,2025-12-25,084-xxx-4524,2025-12-25
C00230,กิตติ,ชาย,35-44,B02,2025-11-18,084-xxx-8978,2025-11-18
C00231,กมล,หญิง,25-34,B02,2026-07-27,081-xxx-7193,2026-07-27
C00232,มานพ,หญิง,35-44,B03,2026-05-20,083-xxx-8904,2026-05-20
C00233,จิรา,ชาย,45-54,B05,2025-06-24,085-xxx-1038,2025-06-24
C00234,วีระ,ชาย,18-24,B05,2025-10-25,082-xxx-1456,2025-10-25
C00235,ภัทร,หญิง,45-54,B02,2026-01-12,084-xxx-6201,2026-01-12
C00236,ปวีณ,หญิง,45-54,B04,2025-05-15,083-xxx-3433,2025-05-15
C00237,ศิริ,หญิง,25-34,B05,2026-06-06,082-xxx-9488,2026-06-06
C00238,วีระ,ชาย,18-24,B01,2025-12-04,087-xxx-3708,2025-12-04
C00239,ปิยะ,หญิง,35-44,B03,2026-08-30,089-xxx-1573,2026-08-30
C00240,อรุณ,หญิง,25-34,B05,2025-08-26,083-xxx-1192,2025-08-26
C00241,ธีร,ชาย,25-34,B04,2025-04-05,082-xxx-7372,2025-04-05
C00242,ภัทร,ชาย,18-24,B04,2025-11-12,082-xxx-5716,2025-11-12
C00243,กิตติ,ไม่ระบุ,25-34,B03,2026-09-12,081-xxx-2530,2026-09-12
C00244,จิรา,หญิง,18-24,B02,2025-10-24,086-xxx-2013,2025-10-24
C00245,ภัทร,หญิง,25-34,B01,2025-08-12,089-xxx-4517,2025-08-12
C00246,วรรณ,หญิง,18-24,B04,2026-05-14,086-xxx-9028,2026-05-14
C00247,สมชาย,หญิง,35-44,B03,2026-07-28,083-xxx-6572,2026-07-28
C00248,ทิพย์,หญิง,25-34,B04,2026-09-05,087-xxx-5949,2026-09-05
C00249,พิม,หญิง,18-24,B01,2025-09-21,088-xxx-3550,2025-09-21
C00250,อัญชลี,หญิง,25-34,B05,2025-07-15,086-xxx-9117,2025-07-15
C00251,นภัส,ไม่ระบุ,18-24,B01,2025-08-16,083-xxx-8251,2025-08-16
C00252,ณัฐ,หญิง,18-24,B01,2025-08-20,087-xxx-3110,2025-08-20
C00253,อรุณ,หญิง,25-34,B03,2026-01-28,085-xxx-7976,2026-01-28
C00254,รัตนา,ชาย,18-24,B04,2025-05-09,089-xxx-3224,2025-05-09
C00255,ปวีณ,ชาย,25-34,B03,2026-01-04,082-xxx-7102,2026-01-04
C00256,ณัฐ,ชาย,25-34,B01,2026-06-08,084-xxx-2187,2026-06-08
C00257,รัตนา,หญิง,25-34,B02,2025-07-08,081-xxx-6095,2025-07-08
C00258,อัญชลี,ชาย,25-34,B05,2025-11-04,081-xxx-7712,2025-11-04
C00259,ณัฐ,ไม่ระบุ,45-54,B01,2026-06-24,087-xxx-1179,2026-06-24
C00260,จิรา,หญิง,55+,B01,2025-05-07,084-xxx-7480,2025-05-07
C00261,รัตนา,ไม่ระบุ,18-24,B02,2025-12-15,084-xxx-4808,2025-12-15
C00262,อรุณ,หญิง,25-34,B01,2026-07-15,082-xxx-8784,2026-07-15
C00263,มานพ,หญิง,ต่ำกว่า 18,B04,2026-01-03,081-xxx-7360,2026-01-03
C00264,ทิพย์,ชาย,25-34,B03,2026-04-06,086-xxx-4751,2026-04-06
C00265,สมชาย,ชาย,25-34,B03,2026-01-08,088-xxx-7473,2026-01-08
C00266,ธนา,หญิง,ต่ำกว่า 18,B03,2026-08-21,083-xxx-9867,2026-08-21
C00267,ศิริ,หญิง,45-54,B03,2026-04-26,085-xxx-8231,2026-04-26
C00268,รัตนา,หญิง,25-34,B04,2025-07-15,081-xxx-6696,2025-07-15
C00269,ปิยะ,ชาย,25-34,B01,2026-04-24,086-xxx-8413,2026-04-24
C00270,อรุณ,หญิง,35-44,B04,2025-12-04,087-xxx-5915,2025-12-04
C00271,ปิยะ,หญิง,25-34,B05,2025-05-29,084-xxx-8506,2025-05-29
C00272,ศิริ,ชาย,45-54,B01,2025-07-26,089-xxx-5213,2025-07-26
C00273,ปวีณ,ไม่ระบุ,18-24,B01,2025-11-21,087-xxx-7216,2025-11-21
C00274,สมชาย,ชาย,ต่ำกว่า 18,B01,2026-02-04,082-xxx-1130,2026-02-04
C00275,ปวีณ,หญิง,18-24,B01,2026-06-19,085-xxx-6212,2026-06-19
C00276,นภัส,ชาย,25-34,B01,2026-08-14,085-xxx-6536,2026-08-14
C00277,ชนา,หญิง,25-34,B02,2026-03-03,082-xxx-3665,2026-03-03
C00278,ธีร,หญิง,18-24,B02,2026-04-26,082-xxx-5173,2026-04-26
C00279,อัญชลี,หญิง,18-24,B01,2026-08-09,086-xxx-3167,2026-08-09
C00280,ธีร,หญิง,25-34,B05,2025-10-07,088-xxx-2741,2025-10-07
C00281,พิม,ชาย,45-54,B02,2025-08-09,083-xxx-6991,2025-08-09
C00282,นภัส,หญิง,18-24,B04,2026-01-17,081-xxx-9648,2026-01-17
C00283,ภูมิ,หญิง,25-34,B02,2025-08-25,082-xxx-8080,2025-08-25
C00284,ปวีณ,ชาย,45-54,B02,2025-07-01,088-xxx-5116,2025-07-01
C00285,สุดา,ชาย,35-44,B01,2026-02-04,087-xxx-9777,2026-02-04
C00286,ปวีณ,ชาย,25-34,B02,2025-12-03,087-xxx-9912,2025-12-03
C00287,ชนา,ชาย,35-44,B02,2026-09-08,086-xxx-6487,2026-09-08
C00288,จิรา,ไม่ระบุ,25-34,B02,2026-01-26,086-xxx-7431,2026-01-26
C00289,มานพ,หญิง,35-44,B03,2026-02-26,085-xxx-2708,2026-02-26
C00290,ธีร,ชาย,18-24,B01,2026-08-13,086-xxx-6025,2026-08-13
C00291,ภูมิ,หญิง,18-24,B04,2025-08-28,085-xxx-2864,2025-08-28
C00292,จิรา,หญิง,25-34,B01,2026-05-12,089-xxx-6437,2026-05-12
C00293,ปวีณ,ชาย,35-44,B03,2026-02-19,087-xxx-2770,2026-02-19
C00294,กิตติ,หญิง,45-54,B02,2026-05-27,083-xxx-5657,2026-05-27
C00295,ปิยะ,ชาย,25-34,B02,2025-11-13,085-xxx-6528,2025-11-13
C00296,มานพ,หญิง,25-34,B01,2025-12-14,082-xxx-1497,2025-12-14
C00297,จิรา,หญิง,55+,B04,2025-06-22,085-xxx-4245,2025-06-22
C00298,กมล,หญิง,45-54,B01,2025-11-19,085-xxx-2148,2025-11-19
C00299,ปิยะ,หญิง,25-34,B04,2026-07-02,085-xxx-5104,2026-07-02
C00300,ปิยะ,ชาย,25-34,B02,2025-09-25,089-xxx-4756,2025-09-25
C00301,ชนา,ชาย,18-24,B01,2025-06-03,087-xxx-3506,2025-06-03
C00302,กมล,หญิง,25-34,B01,2025-04-28,084-xxx-6780,2025-04-28
C00303,อรุณ,หญิง,18-24,B02,2026-03-17,089-xxx-9912,2026-03-17
C00304,วรรณ,หญิง,18-24,B04,2025-09-02,085-xxx-3427,2025-09-02
C00305,ธนา,หญิง,25-34,B02,2025-06-15,082-xxx-3987,2025-06-15
C00306,พิม,หญิง,25-34,B02,2025-07-17,085-xxx-9719,2025-07-17
C00307,จิรา,ชาย,18-24,B04,2026-04-28,087-xxx-3020,2026-04-28
C00308,รัตนา,หญิง,25-34,B01,2026-01-05,089-xxx-5027,2026-01-05
C00309,กิตติ,หญิง,25-34,B05,2025-04-24,088-xxx-5018,2025-04-24
C00310,ธีร,หญิง,55+,B01,2026-03-23,089-xxx-5179,2026-03-23
C00311,อัญชลี,หญิง,18-24,B04,2025-07-29,084-xxx-5452,2025-07-29
C00312,สมชาย,ชาย,18-24,B04,2026-06-05,083-xxx-5398,2026-06-05
C00313,ปวีณ,หญิง,45-54,B02,2026-06-17,089-xxx-2545,2026-06-17
C00314,ธนา,ชาย,25-34,B04,2025-12-10,081-xxx-8533,2025-12-10
C00315,สุดา,ชาย,18-24,B03,2026-07-28,084-xxx-1510,2026-07-28
C00316,ปวีณ,หญิง,35-44,B05,2026-08-19,085-xxx-6125,2026-08-19
C00317,สุดา,หญิง,45-54,B02,2026-02-23,083-xxx-6936,2026-02-23
C00318,อัญชลี,หญิง,18-24,B03,2026-03-23,085-xxx-1453,2026-03-23
C00319,สมชาย,หญิง,45-54,B04,2026-05-14,085-xxx-2524,2026-05-14
C00320,วีระ,หญิง,25-34,B01,2026-04-12,085-xxx-7143,2026-04-12
C00321,อัญชลี,ชาย,35-44,B01,2025-12-22,084-xxx-4083,2025-12-22
C00322,อรุณ,ชาย,45-54,B01,2025-05-18,088-xxx-8723,2025-05-18
C00323,กมล,หญิง,18-24,B04,2026-08-07,081-xxx-1570,2026-08-07
C00324,ภัทร,ชาย,25-34,B05,2025-07-24,087-xxx-5943,2025-07-24
C00325,ทิพย์,หญิง,25-34,B02,2025-06-10,083-xxx-9820,2025-06-10
C00326,ชนา,ชาย,25-34,B04,2026-01-26,085-xxx-4645,2026-01-26
C00327,อัญชลี,หญิง,18-24,B01,2026-06-27,081-xxx-2014,2026-06-27
C00328,วีระ,หญิง,18-24,B03,2026-01-01,087-xxx-8172,2026-01-01
C00329,เกศ,ชาย,18-24,B05,2026-04-22,089-xxx-1948,2026-04-22
C00330,อรุณ,ชาย,18-24,B04,2026-05-21,081-xxx-1194,2026-05-21
C00331,วีระ,หญิง,35-44,B05,2026-08-18,083-xxx-3531,2026-08-18
C00332,ภูมิ,ชาย,25-34,B01,2025-11-16,084-xxx-8327,2025-11-16
C00333,วีระ,หญิง,18-24,B02,2025-05-15,085-xxx-9766,2025-05-15
C00334,ชนา,ชาย,18-24,B05,2025-06-11,089-xxx-9015,2025-06-11
C00335,สมชาย,ชาย,25-34,B02,2026-03-08,081-xxx-4062,2026-03-08
C00336,อัญชลี,หญิง,35-44,B05,2026-05-15,089-xxx-5598,2026-05-15
C00337,ศิริ,ชาย,18-24,B01,2025-12-01,086-xxx-3485,2025-12-01
C00338,กมล,หญิง,25-34,B03,2026-07-19,082-xxx-2116,2026-07-19
C00339,ชนา,ไม่ระบุ,25-34,B03,2025-11-06,086-xxx-2493,2025-11-06
C00340,กมล,ชาย,35-44,B02,2025-05-10,089-xxx-7697,2025-05-10
C00341,ธีร,ชาย,18-24,B04,2026-03-31,086-xxx-7324,2026-03-31
C00342,ปวีณ,ชาย,25-34,B01,2025-08-26,087-xxx-5937,2025-08-26
C00343,กมล,หญิง,25-34,B01,2026-02-09,086-xxx-5837,2026-02-09
C00344,สมชาย,ชาย,25-34,B04,2026-04-15,084-xxx-5723,2026-04-15
C00345,ณัฐ,ชาย,35-44,B01,2025-12-24,083-xxx-7360,2025-12-24
C00346,สุดา,หญิง,25-34,B02,2026-06-01,082-xxx-9370,2026-06-01
C00347,เกศ,หญิง,25-34,B04,2026-01-23,087-xxx-5102,2026-01-23
C00348,ปวีณ,หญิง,25-34,B05,2025-06-15,087-xxx-9336,2025-06-15
C00349,รัตนา,หญิง,45-54,B04,2026-04-10,084-xxx-9169,2026-04-10
C00350,รัตนา,ชาย,18-24,B02,2026-08-14,084-xxx-4877,2026-08-14
C00351,กมล,หญิง,35-44,B05,2026-03-30,089-xxx-4466,2026-03-30
C00352,ปิยะ,ชาย,25-34,B02,2026-08-02,081-xxx-3266,2026-08-02
C00353,กิตติ,หญิง,25-34,B05,2025-07-09,081-xxx-1624,2025-07-09
C00354,ชนา,หญิง,35-44,B02,2025-08-11,083-xxx-9742,2025-08-11
C00355,วีระ,หญิง,45-54,B02,2025-06-01,088-xxx-4479,2025-06-01
C00356,พิม,ชาย,25-34,B03,2026-06-09,086-xxx-8388,2026-06-09
C00357,ภูมิ,หญิง,45-54,B05,2025-11-12,088-xxx-7744,2025-11-12
C00358,กิตติ,หญิง,18-24,B04,2026-05-23,086-xxx-7850,2026-05-23
C00359,ปวีณ,หญิง,18-24,B01,2026-07-25,083-xxx-4235,2026-07-25
C00360,ชนา,หญิง,25-34,B01,2025-07-08,089-xxx-4318,2025-07-08
C00361,ชนา,ชาย,25-34,B04,2026-02-24,085-xxx-7482,2026-02-24
C00362,พิม,หญิง,18-24,B01,2026-04-19,085-xxx-8106,2026-04-19
C00363,ธนา,ชาย,45-54,B01,2026-07-20,089-xxx-4239,2026-07-20
C00364,ธีร,ชาย,45-54,B02,2026-08-10,089-xxx-7679,2026-08-10
C00365,ชนา,ชาย,25-34,B05,2025-07-19,081-xxx-4867,2025-07-19
C00366,ธีร,หญิง,25-34,B02,2026-02-03,087-xxx-9815,2026-02-03
C00367,ธนา,ชาย,18-24,B02,2025-04-11,082-xxx-9419,2025-04-11
C00368,ณัฐ,หญิง,45-54,B04,2026-04-19,083-xxx-4198,2026-04-19
C00369,กมล,ไม่ระบุ,55+,B05,2025-07-30,087-xxx-2954,2025-07-30
C00370,วรรณ,หญิง,35-44,B05,2025-09-06,085-xxx-7093,2025-09-06
C00371,ธนา,หญิง,25-34,B04,2025-12-19,088-xxx-6575,2025-12-19
C00372,ภูมิ,หญิง,18-24,B05,2026-04-28,083-xxx-2574,2026-04-28
C00373,กมล,ชาย,25-34,B01,2025-12-16,083-xxx-1139,2025-12-16
C00374,กมล,หญิง,18-24,B02,2025-04-09,082-xxx-4357,2025-04-09
C00375,สมชาย,ไม่ระบุ,45-54,B03,2025-12-08,089-xxx-6275,2025-12-08
C00376,อัญชลี,หญิง,18-24,B01,2025-06-10,089-xxx-8585,2025-06-10
C00377,วีระ,ชาย,ต่ำกว่า 18,B03,2026-08-31,086-xxx-4689,2026-08-31
C00378,สุดา,หญิง,ต่ำกว่า 18,B05,2025-07-22,088-xxx-3667,2025-07-22
C00379,กิตติ,หญิง,25-34,B03,2026-08-03,083-xxx-1871,2026-08-03
C00380,จิรา,ชาย,25-34,B01,2025-11-28,085-xxx-4407,2025-11-28
C00381,ภัทร,หญิง,25-34,B04,2025-10-16,087-xxx-8602,2025-10-16
C00382,รัตนา,หญิง,25-34,B03,2026-05-31,089-xxx-8935,2026-05-31
C00383,รัตนา,หญิง,18-24,B03,2026-03-16,083-xxx-5744,2026-03-16
C00384,ทิพย์,หญิง,25-34,B04,2025-05-26,081-xxx-4275,2025-05-26
C00385,ภัทร,หญิง,18-24,B01,2026-03-25,089-xxx-9399,2026-03-25
C00386,ณัฐ,หญิง,45-54,B01,2025-12-10,083-xxx-1543,2025-12-10
C00387,นภัส,หญิง,45-54,B04,2026-08-26,087-xxx-6392,2026-08-26
C00388,กิตติ,ชาย,25-34,B02,2026-03-06,087-xxx-2438,2026-03-06
C00389,ภัทร,ชาย,35-44,B03,2026-05-25,083-xxx-5681,2026-05-25
C00390,อรุณ,หญิง,18-24,B05,2025-12-04,083-xxx-8365,2025-12-04
C00391,ภัทร,ชาย,18-24,B01,2025-09-20,087-xxx-7331,2025-09-20
C00392,จิรา,หญิง,18-24,B05,2026-03-01,087-xxx-6327,2026-03-01
C00393,ธีร,ชาย,25-34,B04,2025-11-07,083-xxx-7210,2025-11-07
C00394,สมชาย,หญิง,18-24,B05,2026-05-31,089-xxx-6300,2026-05-31
C00395,กมล,ชาย,45-54,B01,2025-10-21,087-xxx-6345,2025-10-21
C00396,สมชาย,ชาย,35-44,B01,2025-06-12,087-xxx-9103,2025-06-12
C00397,สุดา,หญิง,55+,B02,2025-09-20,089-xxx-7239,2025-09-20
C00398,ปิยะ,ชาย,55+,B05,2026-07-11,087-xxx-1169,2026-07-11
C00399,สมชาย,ชาย,25-34,B01,2026-08-08,085-xxx-3385,2026-08-08
C00400,ชนา,ชาย,35-44,B01,2026-06-15,082-xxx-8324,2026-06-15
C00401,นภัส,หญิง,35-44,B01,2025-11-29,084-xxx-9238,2025-11-29
C00402,ภูมิ,หญิง,18-24,B02,2025-07-20,086-xxx-5716,2025-07-20
C00403,สุดา,หญิง,25-34,B01,2026-04-28,086-xxx-4277,2026-04-28
C00404,ณัฐ,หญิง,18-24,B04,2025-12-15,089-xxx-7046,2025-12-15
C00405,เกศ,หญิง,18-24,B03,2026-03-17,089-xxx-1341,2026-03-17
C00406,ทิพย์,ชาย,35-44,B02,2026-02-01,086-xxx-1175,2026-02-01
C00407,ธีร,หญิง,25-34,B01,2025-12-25,084-xxx-1008,2025-12-25
C00408,ธนา,ชาย,25-34,B01,2026-03-09,084-xxx-9777,2026-03-09
C00409,ภูมิ,หญิง,25-34,B02,2025-09-04,083-xxx-6951,2025-09-04
C00410,ทิพย์,ชาย,18-24,B01,2025-11-22,088-xxx-1198,2025-11-22
C00411,กิตติ,หญิง,25-34,B02,2025-06-12,087-xxx-5549,2025-06-12
C00412,ภูมิ,ชาย,25-34,B03,2026-01-26,082-xxx-9619,2026-01-26
C00413,เกศ,ชาย,18-24,B03,2026-02-06,083-xxx-1220,2026-02-06
C00414,กมล,ชาย,45-54,B04,2026-08-23,083-xxx-8755,2026-08-23
C00415,ภูมิ,หญิง,45-54,B03,2026-02-12,089-xxx-5134,2026-02-12
C00416,ธีร,หญิง,25-34,B04,2025-09-07,082-xxx-7778,2025-09-07
C00417,กิตติ,ชาย,18-24,B04,2026-08-07,085-xxx-6767,2026-08-07
C00418,วีระ,ชาย,18-24,B01,2025-08-21,086-xxx-4077,2025-08-21
C00419,ธนา,หญิง,25-34,B01,2026-05-13,088-xxx-3936,2026-05-13
C00420,อัญชลี,ชาย,35-44,B03,2026-04-11,085-xxx-2818,2026-04-11
C00421,กิตติ,หญิง,18-24,B01,2025-12-10,089-xxx-1597,2025-12-10
C00422,อรุณ,หญิง,55+,B01,2026-03-04,086-xxx-5957,2026-03-04
C00423,อัญชลี,ชาย,25-34,B01,2026-01-25,083-xxx-1340,2026-01-25
C00424,ณัฐ,ชาย,45-54,B04,2026-05-14,084-xxx-4093,2026-05-14
C00425,เกศ,หญิง,45-54,B02,2026-09-09,086-xxx-2382,2026-09-09
C00426,กมล,หญิง,35-44,B01,2026-04-20,089-xxx-9811,2026-04-20
C00427,ปวีณ,หญิง,18-24,B03,2025-12-20,085-xxx-6451,2025-12-20
C00428,ภัทร,หญิง,35-44,B02,2025-10-23,082-xxx-2832,2025-10-23
C00429,กมล,ชาย,25-34,B02,2025-12-20,088-xxx-1071,2025-12-20
C00430,กมล,ชาย,25-34,B04,2025-07-22,089-xxx-4082,2025-07-22
C00431,ณัฐ,ชาย,25-34,B03,2026-05-09,084-xxx-5191,2026-05-09
C00432,ศิริ,หญิง,ต่ำกว่า 18,B01,2025-06-16,084-xxx-5671,2025-06-16
C00433,ปิยะ,หญิง,25-34,B02,2025-06-12,089-xxx-4784,2025-06-12
C00434,สุดา,ชาย,18-24,B02,2026-01-20,086-xxx-6363,2026-01-20
C00435,ภัทร,หญิง,45-54,B05,2025-08-08,082-xxx-7622,2025-08-08
C00436,รัตนา,หญิง,18-24,B01,2025-05-04,087-xxx-4523,2025-05-04
C00437,รัตนา,ชาย,ต่ำกว่า 18,B03,2026-02-13,089-xxx-2820,2026-02-13
C00438,ภูมิ,หญิง,25-34,B01,2026-06-30,084-xxx-6767,2026-06-30
C00439,ธนา,หญิง,35-44,B05,2025-08-08,088-xxx-6502,2025-08-08
C00440,ธีร,หญิง,55+,B01,2026-06-25,084-xxx-4794,2026-06-25
C00441,วีระ,ชาย,25-34,B05,2025-12-18,082-xxx-4288,2025-12-18
C00442,ศิริ,หญิง,25-34,B04,2026-07-25,082-xxx-3737,2026-07-25
C00443,สุดา,ชาย,18-24,B05,2025-06-14,083-xxx-6886,2025-06-14
C00444,ธีร,หญิง,55+,B02,2026-04-14,087-xxx-3681,2026-04-14
C00445,นภัส,หญิง,18-24,B02,2026-08-18,085-xxx-8166,2026-08-18
C00446,นภัส,หญิง,ต่ำกว่า 18,B05,2025-12-05,086-xxx-9729,2025-12-05
C00447,วรรณ,ชาย,ต่ำกว่า 18,B02,2025-04-18,081-xxx-1871,2025-04-18
C00448,ธีร,หญิง,35-44,B01,2026-01-25,083-xxx-1117,2026-01-25
C00449,สมชาย,ชาย,18-24,B04,2026-03-03,085-xxx-8159,2026-03-03
C00450,วรรณ,ชาย,45-54,B02,2025-07-23,081-xxx-8627,2025-07-23
C00451,ศิริ,ไม่ระบุ,35-44,B02,2026-06-20,085-xxx-5735,2026-06-20
C00452,ปวีณ,หญิง,35-44,B03,2026-02-04,084-xxx-1989,2026-02-04
C00453,อัญชลี,หญิง,18-24,B02,2026-01-15,088-xxx-5889,2026-01-15
C00454,ธนา,ชาย,35-44,B04,2025-09-26,087-xxx-3848,2025-09-26
C00455,สมชาย,หญิง,55+,B05,2025-08-25,088-xxx-3623,2025-08-25
C00456,ทิพย์,หญิง,45-54,B05,2026-01-01,085-xxx-3062,2026-01-01
C00457,อัญชลี,ชาย,18-24,B02,2025-04-18,087-xxx-1336,2025-04-18
C00458,สมชาย,ชาย,18-24,B04,2026-06-09,089-xxx-2801,2026-06-09
C00459,อัญชลี,หญิง,25-34,B02,2026-04-18,085-xxx-4191,2026-04-18
C00460,นภัส,หญิง,18-24,B03,2026-08-26,089-xxx-1372,2026-08-26
C00461,ชนา,ชาย,ต่ำกว่า 18,B01,2025-08-22,089-xxx-2675,2025-08-22
C00462,ศิริ,ชาย,18-24,B05,2026-05-10,082-xxx-2813,2026-05-10
C00463,วรรณ,ชาย,25-34,B02,2026-04-20,089-xxx-2251,2026-04-20
C00464,ธนา,หญิง,35-44,B02,2026-05-14,088-xxx-4527,2026-05-14
C00465,ธนา,หญิง,18-24,B05,2025-06-03,085-xxx-7521,2025-06-03
C00466,ชนา,หญิง,18-24,B03,2026-08-14,088-xxx-8686,2026-08-14
C00467,อัญชลี,หญิง,18-24,B04,2026-05-31,088-xxx-5387,2026-05-31
C00468,มานพ,ชาย,35-44,B05,2025-10-01,081-xxx-7919,2025-10-01
C00469,ธีร,หญิง,18-24,B01,2025-11-14,089-xxx-4418,2025-11-14
C00470,ชนา,หญิง,18-24,B03,2026-04-19,081-xxx-6967,2026-04-19
C00471,กิตติ,หญิง,45-54,B05,2025-12-01,082-xxx-3245,2025-12-01
C00472,ศิริ,ชาย,35-44,B01,2026-08-04,089-xxx-5400,2026-08-04
C00473,รัตนา,หญิง,18-24,B03,2026-05-15,087-xxx-6546,2026-05-15
C00474,วีระ,ชาย,18-24,B01,2026-07-01,083-xxx-2994,2026-07-01
C00475,พิม,หญิง,55+,B03,2026-07-14,083-xxx-4563,2026-07-14
C00476,ปวีณ,ชาย,18-24,B02,2025-10-20,082-xxx-3846,2025-10-20
C00477,อัญชลี,ชาย,35-44,B01,2025-12-13,087-xxx-2865,2025-12-13
C00478,ณัฐ,ชาย,25-34,B02,2026-06-08,086-xxx-8843,2026-06-08
C00479,รัตนา,หญิง,35-44,B03,2026-08-02,085-xxx-3660,2026-08-02
C00480,ปิยะ,ชาย,25-34,B02,2025-09-21,083-xxx-1657,2025-09-21
C00481,ชนา,หญิง,25-34,B01,2026-06-12,087-xxx-6806,2026-06-12
C00482,กิตติ,หญิง,18-24,B01,2025-11-28,089-xxx-3019,2025-11-28
C00483,รัตนา,หญิง,35-44,B01,2025-10-03,086-xxx-3204,2025-10-03
C00484,ปิยะ,หญิง,55+,B04,2026-09-06,088-xxx-9013,2026-09-06
C00485,เกศ,หญิง,25-34,B05,2025-05-29,082-xxx-5217,2025-05-29
C00486,กิตติ,ชาย,25-34,B04,2026-08-04,084-xxx-2111,2026-08-04
C00487,ณัฐ,หญิง,35-44,B05,2026-04-14,089-xxx-5802,2026-04-14
C00488,สมชาย,หญิง,35-44,B01,2026-09-09,083-xxx-9782,2026-09-09
C00489,ธนา,ชาย,35-44,B04,2025-11-25,086-xxx-9366,2025-11-25
C00490,รัตนา,หญิง,18-24,B05,2026-02-23,082-xxx-3710,2026-02-23
C00491,วรรณ,ชาย,45-54,B05,2025-04-10,082-xxx-6318,2025-04-10
C00492,มานพ,หญิง,45-54,B01,2025-07-15,088-xxx-4340,2025-07-15
C00493,ณัฐ,ชาย,35-44,B01,2025-09-05,081-xxx-8296,2025-09-05
C00494,วรรณ,ชาย,ต่ำกว่า 18,B02,2025-11-08,083-xxx-7109,2025-11-08
C00495,สมชาย,ชาย,25-34,B01,2026-08-12,081-xxx-3446,2026-08-12
C00496,ปิยะ,ชาย,25-34,B05,2026-07-01,084-xxx-2732,2026-07-01
C00497,ศิริ,ชาย,45-54,B01,2026-05-07,089-xxx-9732,2026-05-07
C00498,เกศ,หญิง,25-34,B03,2026-01-12,086-xxx-4388,2026-01-12
C00499,นภัส,หญิง,25-34,B05,2026-07-12,085-xxx-6791,2026-07-12
C00500,ทิพย์,หญิง,25-34,B05,2025-06-30,087-xxx-9172,2025-06-30
C00501,สุดา,ชาย,18-24,B03,2025-12-24,088-xxx-3737,2025-12-24
C00502,วรรณ,หญิง,55+,B02,2026-03-29,083-xxx-6782,2026-03-29
C00503,อัญชลี,ชาย,35-44,B03,2025-11-15,083-xxx-4392,2025-11-15
C00504,ชนา,หญิง,35-44,B01,2025-08-10,088-xxx-7000,2025-08-10
C00505,กิตติ,หญิง,25-34,B01,2026-04-21,085-xxx-4896,2026-04-21
C00506,อรุณ,หญิง,18-24,B04,2025-04-15,082-xxx-4032,2025-04-15
C00507,สุดา,หญิง,35-44,B01,2026-07-28,081-xxx-9347,2026-07-28
C00508,สุดา,หญิง,18-24,B01,2025-05-31,089-xxx-5264,2025-05-31
C00509,จิรา,หญิง,18-24,B05,2025-06-02,083-xxx-7329,2025-06-02
C00510,รัตนา,ชาย,25-34,B01,2026-08-27,087-xxx-4099,2026-08-27
C00511,จิรา,หญิง,25-34,B04,2025-07-28,088-xxx-4301,2025-07-28
C00512,อัญชลี,หญิง,25-34,B01,2025-10-14,082-xxx-9667,2025-10-14
C00513,มานพ,ไม่ระบุ,45-54,B03,2026-05-30,085-xxx-7377,2026-05-30
C00514,สมชาย,หญิง,25-34,B01,2025-09-24,088-xxx-7817,2025-09-24
C00515,วีระ,หญิง,35-44,B03,2026-02-19,083-xxx-6648,2026-02-19
C00516,ภูมิ,ไม่ระบุ,25-34,B03,2026-05-08,089-xxx-7748,2026-05-08
C00517,อรุณ,หญิง,35-44,B05,2026-04-04,088-xxx-6655,2026-04-04
C00518,ปวีณ,ชาย,25-34,B01,2026-02-22,082-xxx-8104,2026-02-22
C00519,รัตนา,หญิง,25-34,B04,2026-01-15,088-xxx-5701,2026-01-15
C00520,ธีร,หญิง,25-34,B04,2026-09-13,088-xxx-7575,2026-09-13
C00521,ศิริ,ชาย,25-34,B04,2025-12-01,087-xxx-5977,2025-12-01
C00522,มานพ,ชาย,25-34,B05,2025-09-17,087-xxx-7582,2025-09-17
C00523,ธนา,ชาย,35-44,B04,2026-07-24,084-xxx-6046,2026-07-24
C00524,สุดา,ชาย,18-24,B03,2026-05-11,085-xxx-3564,2026-05-11
C00525,ปิยะ,หญิง,25-34,B01,2025-04-09,086-xxx-9142,2025-04-09
C00526,ทิพย์,ชาย,35-44,B03,2026-02-05,083-xxx-2183,2026-02-05
C00527,ธีร,ชาย,25-34,B05,2025-07-30,082-xxx-6292,2025-07-30
C00528,ณัฐ,ไม่ระบุ,25-34,B05,2026-09-09,083-xxx-4068,2026-09-09
C00529,รัตนา,หญิง,55+,B02,2025-11-25,089-xxx-3223,2025-11-25
C00530,ปวีณ,ชาย,25-34,B04,2026-01-22,087-xxx-9352,2026-01-22
C00531,พิม,ชาย,45-54,B05,2026-08-01,088-xxx-9344,2026-08-01
C00532,ภูมิ,ชาย,ต่ำกว่า 18,B05,2025-09-05,083-xxx-9904,2025-09-05
C00533,สุดา,หญิง,35-44,B01,2025-05-16,089-xxx-5726,2025-05-16
C00534,อัญชลี,ไม่ระบุ,35-44,B01,2026-09-10,088-xxx-6345,2026-09-10
C00535,เกศ,ชาย,25-34,B04,2026-03-26,081-xxx-4530,2026-03-26
C00536,ชนา,หญิง,18-24,B05,2026-04-04,083-xxx-5280,2026-04-04
C00537,ศิริ,หญิง,18-24,B01,2026-09-07,086-xxx-4706,2026-09-07
C00538,ทิพย์,หญิง,25-34,B03,2026-05-23,082-xxx-6699,2026-05-23
C00539,เกศ,ชาย,ต่ำกว่า 18,B05,2025-04-01,083-xxx-5549,2025-04-01
C00540,กมล,ชาย,25-34,B03,2026-04-26,082-xxx-2148,2026-04-26
C00541,ธนา,ชาย,25-34,B01,2025-05-29,081-xxx-2484,2025-05-29
C00542,อัญชลี,ชาย,55+,B02,2026-06-13,088-xxx-1649,2026-06-13
C00543,อรุณ,ชาย,55+,B01,2026-08-26,089-xxx-5516,2026-08-26
C00544,ทิพย์,หญิง,25-34,B05,2026-08-21,082-xxx-3106,2026-08-21
C00545,วีระ,ชาย,45-54,B02,2026-08-08,086-xxx-5363,2026-08-08
C00546,ภูมิ,หญิง,25-34,B04,2026-03-08,089-xxx-3795,2026-03-08
C00547,วีระ,หญิง,25-34,B01,2026-03-15,089-xxx-8178,2026-03-15
C00548,ณัฐ,หญิง,25-34,B04,2026-09-11,085-xxx-8709,2026-09-11
C00549,นภัส,หญิง,35-44,B02,2026-03-22,089-xxx-1506,2026-03-22
C00550,นภัส,ชาย,18-24,B04,2026-08-24,089-xxx-8990,2026-08-24
C00551,อัญชลี,ชาย,18-24,B02,2026-04-12,086-xxx-4040,2026-04-12
C00552,ปิยะ,หญิง,35-44,B05,2025-06-29,088-xxx-5367,2025-06-29
C00553,รัตนา,หญิง,35-44,B04,2026-05-01,088-xxx-1968,2026-05-01
C00554,สมชาย,ชาย,18-24,B01,2026-05-12,089-xxx-1499,2026-05-12
C00555,ปวีณ,ชาย,55+,B04,2026-06-11,086-xxx-8450,2026-06-11
C00556,ปิยะ,ชาย,35-44,B02,2026-07-26,085-xxx-4564,2026-07-26
C00557,กมล,ชาย,18-24,B01,2026-08-25,085-xxx-2401,2026-08-25
C00558,พิม,หญิง,35-44,B03,2025-12-07,083-xxx-8056,2025-12-07
C00559,ศิริ,หญิง,18-24,B02,2026-01-19,087-xxx-6285,2026-01-19
C00560,เกศ,หญิง,35-44,B02,2025-07-12,082-xxx-7957,2025-07-12
C00561,นภัส,ชาย,18-24,B01,2025-12-05,085-xxx-5290,2025-12-05
C00562,กิตติ,หญิง,18-24,B05,2025-06-30,085-xxx-4606,2025-06-30
C00563,อัญชลี,หญิง,25-34,B01,2025-08-06,081-xxx-8122,2025-08-06
C00564,ชนา,ชาย,25-34,B01,2026-01-08,082-xxx-6026,2026-01-08
C00565,ภูมิ,หญิง,25-34,B03,2026-07-24,083-xxx-6183,2026-07-24
C00566,ณัฐ,หญิง,25-34,B01,2025-05-14,088-xxx-3694,2025-05-14
C00567,เกศ,ไม่ระบุ,35-44,B04,2026-06-08,081-xxx-5459,2026-06-08
C00568,วีระ,ชาย,25-34,B02,2025-07-08,086-xxx-4653,2025-07-08
C00569,สมชาย,ชาย,25-34,B02,2025-04-12,084-xxx-4298,2025-04-12
C00570,อรุณ,ชาย,35-44,B01,2025-08-19,084-xxx-9686,2025-08-19
C00571,ปวีณ,ชาย,35-44,B05,2025-08-09,085-xxx-7634,2025-08-09
C00572,ภูมิ,ชาย,55+,B05,2026-05-04,088-xxx-3772,2026-05-04
C00573,ภูมิ,ชาย,18-24,B01,2026-08-14,085-xxx-9243,2026-08-14
C00574,อัญชลี,ชาย,55+,B05,2025-07-23,082-xxx-8051,2025-07-23
C00575,ภูมิ,หญิง,18-24,B05,2026-06-16,084-xxx-1684,2026-06-16
C00576,สุดา,หญิง,18-24,B01,2026-08-06,088-xxx-9640,2026-08-06
C00577,ศิริ,หญิง,35-44,B05,2026-04-17,086-xxx-7625,2026-04-17
C00578,นภัส,หญิง,18-24,B04,2025-05-27,083-xxx-8844,2025-05-27
C00579,อรุณ,หญิง,35-44,B02,2026-06-13,082-xxx-9979,2026-06-13
C00580,เกศ,ชาย,25-34,B02,2026-03-05,084-xxx-5105,2026-03-05
C00581,รัตนา,ชาย,55+,B04,2025-07-01,083-xxx-8493,2025-07-01
C00582,ธนา,หญิง,35-44,B01,2025-12-14,084-xxx-4364,2025-12-14
C00583,ภัทร,หญิง,25-34,B02,2025-08-27,084-xxx-6591,2025-08-27
C00584,รัตนา,ชาย,35-44,B03,2025-12-17,082-xxx-9998,2025-12-17
C00585,มานพ,หญิง,18-24,B01,2026-09-11,086-xxx-9431,2026-09-11
C00586,ธีร,ชาย,25-34,B05,2025-09-24,088-xxx-4308,2025-09-24
C00587,สุดา,หญิง,35-44,B01,2025-10-01,086-xxx-3788,2025-10-01
C00588,อัญชลี,ชาย,25-34,B01,2026-04-06,083-xxx-9099,2026-04-06
C00589,ปวีณ,หญิง,25-34,B05,2025-07-23,088-xxx-9195,2025-07-23
C00590,เกศ,หญิง,18-24,B01,2026-02-01,089-xxx-3588,2026-02-01
C00591,ปิยะ,หญิง,25-34,B05,2025-04-12,089-xxx-1959,2025-04-12
C00592,ธนา,ชาย,35-44,B03,2026-01-22,088-xxx-3249,2026-01-22
C00593,ปวีณ,ไม่ระบุ,35-44,B03,2026-06-16,081-xxx-5105,2026-06-16
C00594,กิตติ,หญิง,18-24,B03,2026-04-07,081-xxx-1712,2026-04-07
C00595,อัญชลี,หญิง,25-34,B05,2025-04-07,089-xxx-8040,2025-04-07
C00596,ศิริ,หญิง,25-34,B05,2025-06-15,089-xxx-7786,2025-06-15
C00597,ปวีณ,ชาย,25-34,B03,2026-04-29,082-xxx-4643,2026-04-29
C00598,ธนา,หญิง,55+,B05,2025-06-22,089-xxx-5729,2025-06-22
C00599,กมล,ชาย,35-44,B05,2025-12-16,084-xxx-6893,2025-12-16
C00600,ปิยะ,หญิง,18-24,B05,2025-09-15,087-xxx-1266,2025-09-15
C00601,สมชาย,หญิง,35-44,B03,2026-08-24,086-xxx-3488,2026-08-24
C00602,ทิพย์,ชาย,18-24,B01,2025-08-15,087-xxx-5021,2025-08-15
C00603,รัตนา,หญิง,25-34,B01,2025-05-11,082-xxx-1164,2025-05-11
C00604,ธนา,หญิง,25-34,B02,2025-09-28,082-xxx-1687,2025-09-28
C00605,สุดา,ชาย,25-34,B01,2026-04-24,085-xxx-9347,2026-04-24
C00606,พิม,หญิง,25-34,B03,2026-06-27,083-xxx-9895,2026-06-27
C00607,สุดา,ชาย,25-34,B01,2025-06-24,086-xxx-7140,2025-06-24
C00608,ภูมิ,หญิง,18-24,B02,2025-04-11,083-xxx-7987,2025-04-11
C00609,อรุณ,ชาย,18-24,B01,2026-07-10,086-xxx-2954,2026-07-10
C00610,อัญชลี,ชาย,25-34,B02,2026-03-12,089-xxx-8142,2026-03-12
C00611,ศิริ,ชาย,25-34,B02,2025-12-02,088-xxx-1843,2025-12-02
C00612,ภัทร,หญิง,45-54,B03,2025-12-04,082-xxx-6279,2025-12-04
C00613,ภัทร,ชาย,ต่ำกว่า 18,B01,2025-05-14,088-xxx-4127,2025-05-14
C00614,วรรณ,ชาย,45-54,B05,2026-09-08,086-xxx-9110,2026-09-08
C00615,ศิริ,ชาย,18-24,B02,2025-10-21,081-xxx-8619,2025-10-21
C00616,กมล,ชาย,35-44,B01,2025-05-22,083-xxx-5383,2025-05-22
C00617,กิตติ,หญิง,25-34,B02,2025-07-30,085-xxx-5075,2025-07-30
C00618,มานพ,ชาย,55+,B01,2026-02-04,086-xxx-6223,2026-02-04
C00619,กมล,หญิง,18-24,B03,2026-08-26,089-xxx-6564,2026-08-26
C00620,เกศ,หญิง,18-24,B01,2026-05-10,083-xxx-2638,2026-05-10
C00621,พิม,ชาย,25-34,B05,2026-05-09,083-xxx-2006,2026-05-09
C00622,นภัส,ชาย,35-44,B01,2025-05-07,089-xxx-6631,2025-05-07
C00623,ชนา,ชาย,35-44,B03,2025-11-08,088-xxx-3800,2025-11-08
C00624,ภัทร,หญิง,45-54,B02,2025-09-25,088-xxx-6445,2025-09-25
C00625,ภูมิ,ชาย,35-44,B02,2025-12-02,087-xxx-5843,2025-12-02
C00626,รัตนา,ชาย,55+,B05,2026-01-15,088-xxx-2586,2026-01-15
C00627,กมล,หญิง,ต่ำกว่า 18,B01,2026-05-10,085-xxx-5234,2026-05-10
C00628,สุดา,ชาย,25-34,B05,2026-06-19,081-xxx-8836,2026-06-19
C00629,มานพ,ไม่ระบุ,18-24,B02,2025-05-16,089-xxx-1440,2025-05-16
C00630,มานพ,หญิง,35-44,B04,2025-11-17,085-xxx-7974,2025-11-17
C00631,กมล,หญิง,25-34,B01,2026-08-13,082-xxx-3651,2026-08-13
C00632,อัญชลี,ชาย,25-34,B04,2025-08-05,082-xxx-7987,2025-08-05
C00633,ปิยะ,ชาย,18-24,B04,2026-02-12,086-xxx-4447,2026-02-12
C00634,วรรณ,ชาย,45-54,B02,2026-04-13,089-xxx-6088,2026-04-13
C00635,สุดา,ไม่ระบุ,25-34,B05,2026-09-13,083-xxx-3606,2026-09-13
C00636,สมชาย,ชาย,ต่ำกว่า 18,B04,2025-04-16,083-xxx-9085,2025-04-16
C00637,จิรา,ชาย,18-24,B05,2025-12-15,086-xxx-1988,2025-12-15
C00638,วีระ,ชาย,25-34,B01,2026-04-18,081-xxx-5078,2026-04-18
C00639,สุดา,หญิง,25-34,B04,2025-11-28,086-xxx-5852,2025-11-28
C00640,พิม,หญิง,35-44,B03,2025-12-20,081-xxx-3544,2025-12-20
C00641,พิม,ชาย,18-24,B02,2026-08-08,088-xxx-4523,2026-08-08
C00642,พิม,หญิง,18-24,B01,2025-12-12,087-xxx-9563,2025-12-12
C00643,มานพ,หญิง,25-34,B01,2025-11-15,087-xxx-5616,2025-11-15
C00644,ภูมิ,หญิง,18-24,B05,2025-10-21,089-xxx-8341,2025-10-21
C00645,ชนา,หญิง,35-44,B01,2025-11-05,082-xxx-9100,2025-11-05
C00646,สมชาย,ชาย,45-54,B01,2025-09-21,089-xxx-5388,2025-09-21
C00647,วรรณ,ชาย,25-34,B01,2025-09-23,081-xxx-8345,2025-09-23
C00648,ปวีณ,หญิง,18-24,B02,2026-02-01,083-xxx-1412,2026-02-01
C00649,กิตติ,ชาย,45-54,B01,2025-05-19,081-xxx-9550,2025-05-19
C00650,ธีร,หญิง,55+,B01,2025-12-09,082-xxx-5002,2025-12-09
C00651,ปิยะ,ชาย,25-34,B01,2026-03-12,089-xxx-2928,2026-03-12
C00652,อัญชลี,ชาย,35-44,B03,2026-08-01,086-xxx-1877,2026-08-01
C00653,กิตติ,หญิง,18-24,B05,2026-08-10,089-xxx-4416,2026-08-10
C00654,กิตติ,หญิง,35-44,B05,2026-03-24,087-xxx-5783,2026-03-24
C00655,เกศ,ชาย,18-24,B01,2026-03-06,089-xxx-8562,2026-03-06
C00656,สมชาย,หญิง,35-44,B03,2026-03-20,087-xxx-6778,2026-03-20
C00657,มานพ,ชาย,18-24,B04,2025-04-21,085-xxx-3479,2025-04-21
C00658,นภัส,ชาย,25-34,B01,2025-05-06,085-xxx-9699,2025-05-06
C00659,กิตติ,ชาย,25-34,B05,2025-10-30,087-xxx-5199,2025-10-30
C00660,ปวีณ,ชาย,45-54,B05,2025-04-13,085-xxx-8453,2025-04-13
C00661,อรุณ,หญิง,25-34,B02,2026-02-28,089-xxx-8849,2026-02-28
C00662,จิรา,ชาย,25-34,B05,2025-05-26,086-xxx-1068,2025-05-26
C00663,วรรณ,หญิง,18-24,B03,2026-07-25,086-xxx-2599,2026-07-25
C00664,ทิพย์,หญิง,25-34,B02,2026-06-23,089-xxx-6114,2026-06-23
C00665,สุดา,ไม่ระบุ,25-34,B01,2025-07-05,081-xxx-4719,2025-07-05
C00666,สุดา,หญิง,25-34,B04,2025-08-22,089-xxx-1638,2025-08-22
C00667,ธีร,หญิง,25-34,B02,2026-01-29,082-xxx-4177,2026-01-29
C00668,วีระ,ชาย,55+,B02,2026-01-14,085-xxx-4571,2026-01-14
C00669,นภัส,ชาย,18-24,B04,2026-03-22,083-xxx-7778,2026-03-22
C00670,อรุณ,หญิง,25-34,B04,2025-12-30,084-xxx-1578,2025-12-30
C00671,ศิริ,ไม่ระบุ,ต่ำกว่า 18,B05,2025-12-12,084-xxx-8603,2025-12-12
C00672,จิรา,ชาย,18-24,B02,2025-10-20,082-xxx-9698,2025-10-20
C00673,เกศ,ชาย,18-24,B02,2025-08-01,089-xxx-7917,2025-08-01
C00674,วีระ,ชาย,55+,B01,2026-01-23,081-xxx-2349,2026-01-23
C00675,สมชาย,หญิง,45-54,B05,2026-04-05,081-xxx-8459,2026-04-05
C00676,เกศ,หญิง,ต่ำกว่า 18,B04,2026-06-13,081-xxx-9504,2026-06-13
C00677,ศิริ,หญิง,35-44,B01,2025-12-31,082-xxx-1137,2025-12-31
C00678,ธีร,หญิง,18-24,B01,2026-02-27,083-xxx-3403,2026-02-27
C00679,ชนา,หญิง,25-34,B02,2026-06-18,086-xxx-1658,2026-06-18
C00680,กิตติ,หญิง,25-34,B01,2026-03-21,086-xxx-8667,2026-03-21
C00681,กมล,หญิง,35-44,B02,2026-01-20,089-xxx-9137,2026-01-20
C00682,กิตติ,หญิง,25-34,B03,2026-08-30,088-xxx-4723,2026-08-30
C00683,ชนา,ชาย,35-44,B02,2025-11-23,088-xxx-2053,2025-11-23
C00684,จิรา,ชาย,35-44,B02,2026-02-08,088-xxx-9153,2026-02-08
C00685,ชนา,หญิง,45-54,B03,2026-02-13,084-xxx-9947,2026-02-13
C00686,ศิริ,ชาย,35-44,B04,2025-09-10,084-xxx-8555,2025-09-10
C00687,อัญชลี,ชาย,35-44,B04,2026-05-29,085-xxx-6248,2026-05-29
C00688,รัตนา,หญิง,25-34,B04,2025-04-07,089-xxx-9191,2025-04-07
C00689,ชนา,ชาย,25-34,B05,2025-11-02,086-xxx-9155,2025-11-02
C00690,วรรณ,ชาย,18-24,B04,2025-08-23,089-xxx-7673,2025-08-23
C00691,กิตติ,หญิง,35-44,B02,2026-04-30,086-xxx-7751,2026-04-30
C00692,ศิริ,ชาย,18-24,B05,2026-01-22,086-xxx-1004,2026-01-22
C00693,อัญชลี,ชาย,18-24,B04,2026-08-13,087-xxx-8801,2026-08-13
C00694,กมล,หญิง,25-34,B04,2026-07-14,081-xxx-1657,2026-07-14
C00695,ชนา,ชาย,25-34,B05,2025-07-19,083-xxx-6284,2025-07-19
C00696,ภูมิ,ชาย,55+,B05,2025-05-17,089-xxx-1657,2025-05-17
C00697,วีระ,ชาย,35-44,B02,2025-11-22,083-xxx-7511,2025-11-22
C00698,จิรา,หญิง,25-34,B01,2025-06-19,085-xxx-3460,2025-06-19
C00699,รัตนา,ชาย,55+,B04,2026-05-20,084-xxx-6724,2026-05-20
C00700,นภัส,ชาย,55+,B05,2025-10-30,087-xxx-4651,2025-10-30
C00701,นภัส,หญิง,25-34,B01,2025-04-01,087-xxx-6012,2025-04-01
C00702,ธนา,หญิง,18-24,B02,2025-09-09,083-xxx-5440,2025-09-09
C00703,อัญชลี,ชาย,25-34,B01,2025-11-13,086-xxx-7415,2025-11-13
C00704,ทิพย์,หญิง,45-54,B03,2026-02-21,081-xxx-7161,2026-02-21
C00705,กิตติ,หญิง,35-44,B05,2026-09-09,084-xxx-9415,2026-09-09
C00706,สมชาย,หญิง,18-24,B01,2025-11-19,082-xxx-7898,2025-11-19
C00707,ธีร,หญิง,25-34,B05,2025-09-11,089-xxx-4137,2025-09-11
C00708,กิตติ,ชาย,35-44,B04,2026-03-24,086-xxx-1999,2026-03-24
C00709,กมล,หญิง,25-34,B02,2025-12-16,087-xxx-8168,2025-12-16
C00710,สมชาย,หญิง,25-34,B05,2025-07-18,089-xxx-5268,2025-07-18
C00711,มานพ,หญิง,55+,B05,2025-07-27,087-xxx-7867,2025-07-27
C00712,สมชาย,ไม่ระบุ,18-24,B05,2026-04-27,087-xxx-2866,2026-04-27
C00713,รัตนา,หญิง,35-44,B04,2025-07-29,086-xxx-4454,2025-07-29
C00714,สมชาย,ชาย,45-54,B02,2026-01-12,085-xxx-5323,2026-01-12
C00715,อัญชลี,หญิง,25-34,B05,2025-04-10,089-xxx-6193,2025-04-10
C00716,ปิยะ,หญิง,25-34,B04,2025-05-02,081-xxx-4728,2025-05-02
C00717,อรุณ,ชาย,25-34,B05,2026-06-08,088-xxx-7498,2026-06-08
C00718,ธีร,ชาย,25-34,B01,2026-07-19,086-xxx-3100,2026-07-19
C00719,สุดา,ชาย,35-44,B04,2025-11-26,088-xxx-8917,2025-11-26
C00720,รัตนา,หญิง,35-44,B05,2025-10-19,081-xxx-6295,2025-10-19
C00721,กิตติ,ชาย,25-34,B01,2026-03-13,089-xxx-3837,2026-03-13
C00722,ณัฐ,ชาย,25-34,B03,2026-06-27,083-xxx-7139,2026-06-27
C00723,นภัส,ชาย,35-44,B01,2025-10-23,081-xxx-8741,2025-10-23
C00724,เกศ,ไม่ระบุ,18-24,B01,2026-03-21,083-xxx-3378,2026-03-21
C00725,ปวีณ,ชาย,25-34,B02,2025-12-06,084-xxx-2030,2025-12-06
C00726,ธนา,ชาย,55+,B04,2025-08-26,082-xxx-7571,2025-08-26
C00727,ชนา,ไม่ระบุ,25-34,B03,2025-12-28,081-xxx-6463,2025-12-28
C00728,อัญชลี,ชาย,35-44,B04,2026-04-03,085-xxx-3971,2026-04-03
C00729,ทิพย์,ชาย,25-34,B02,2025-04-14,088-xxx-4131,2025-04-14
C00730,ชนา,หญิง,18-24,B03,2025-11-22,082-xxx-6736,2025-11-22
C00731,ศิริ,หญิง,25-34,B02,2025-09-08,083-xxx-3274,2025-09-08
C00732,กิตติ,ชาย,35-44,B02,2025-07-24,088-xxx-3188,2025-07-24
C00733,วีระ,ชาย,25-34,B05,2025-11-17,085-xxx-5146,2025-11-17
C00734,รัตนา,หญิง,35-44,B02,2026-07-25,082-xxx-5194,2026-07-25
C00735,ภัทร,หญิง,25-34,B05,2025-10-24,088-xxx-3216,2025-10-24
C00736,ธีร,หญิง,18-24,B04,2025-05-24,082-xxx-8994,2025-05-24
C00737,มานพ,หญิง,18-24,B05,2026-06-10,085-xxx-4361,2026-06-10
C00738,มานพ,ชาย,55+,B04,2026-04-12,086-xxx-9098,2026-04-12
C00739,กิตติ,ไม่ระบุ,25-34,B05,2025-05-08,083-xxx-7692,2025-05-08
C00740,ธนา,หญิง,35-44,B03,2026-07-30,089-xxx-7545,2026-07-30
C00741,ณัฐ,ชาย,25-34,B02,2026-04-21,081-xxx-8301,2026-04-21
C00742,วรรณ,หญิง,25-34,B02,2025-11-28,085-xxx-2673,2025-11-28
C00743,รัตนา,ชาย,45-54,B05,2025-04-18,081-xxx-1209,2025-04-18
C00744,กมล,หญิง,18-24,B02,2025-04-27,086-xxx-2790,2025-04-27
C00745,สมชาย,ชาย,25-34,B05,2025-11-06,086-xxx-9000,2025-11-06
C00746,ชนา,หญิง,18-24,B05,2026-06-30,082-xxx-4197,2026-06-30
C00747,กิตติ,ชาย,55+,B05,2026-06-26,086-xxx-8364,2026-06-26
C00748,ธนา,หญิง,45-54,B01,2026-04-19,085-xxx-5359,2026-04-19
C00749,อรุณ,หญิง,25-34,B05,2026-05-22,085-xxx-9481,2026-05-22
C00750,จิรา,ชาย,18-24,B03,2026-04-25,086-xxx-5664,2026-04-25
C00751,ปิยะ,ชาย,25-34,B03,2026-09-03,087-xxx-1199,2026-09-03
C00752,ชนา,หญิง,45-54,B05,2025-06-28,089-xxx-1458,2025-06-28
C00753,ภัทร,ชาย,35-44,B01,2025-08-01,086-xxx-2116,2025-08-01
C00754,รัตนา,หญิง,45-54,B03,2026-06-25,085-xxx-6640,2026-06-25
C00755,สุดา,หญิง,45-54,B03,2026-06-12,088-xxx-6441,2026-06-12
C00756,พิม,หญิง,18-24,B01,2026-05-14,089-xxx-8241,2026-05-14
C00757,อัญชลี,ชาย,25-34,B05,2025-05-26,086-xxx-3645,2025-05-26
C00758,ทิพย์,ชาย,18-24,B02,2025-08-01,088-xxx-7705,2025-08-01
C00759,อรุณ,ชาย,18-24,B01,2025-04-03,082-xxx-8876,2025-04-03
C00760,อัญชลี,ชาย,18-24,B02,2025-05-18,084-xxx-2827,2025-05-18
C00761,ธนา,ชาย,55+,B05,2025-08-01,088-xxx-8751,2025-08-01
C00762,กมล,ชาย,45-54,B01,2026-05-24,083-xxx-8661,2026-05-24
C00763,ศิริ,หญิง,45-54,B03,2026-05-16,086-xxx-4681,2026-05-16
C00764,กิตติ,ชาย,18-24,B01,2026-07-24,087-xxx-7716,2026-07-24
C00765,วรรณ,ชาย,18-24,B01,2025-05-09,081-xxx-9387,2025-05-09
C00766,จิรา,หญิง,18-24,B05,2025-12-25,083-xxx-9892,2025-12-25
C00767,อรุณ,หญิง,25-34,B04,2025-09-10,088-xxx-5848,2025-09-10
C00768,ภัทร,ชาย,45-54,B04,2025-06-15,084-xxx-4545,2025-06-15
C00769,สมชาย,หญิง,25-34,B05,2025-05-11,088-xxx-7744,2025-05-11
C00770,ปวีณ,ชาย,25-34,B04,2026-03-09,085-xxx-8296,2026-03-09
C00771,ทิพย์,ชาย,45-54,B01,2025-08-20,086-xxx-7973,2025-08-20
C00772,ภูมิ,ชาย,25-34,B03,2026-04-01,083-xxx-5988,2026-04-01
C00773,พิม,ชาย,45-54,B04,2025-11-07,084-xxx-7038,2025-11-07
C00774,วีระ,หญิง,55+,B02,2025-12-27,089-xxx-9520,2025-12-27
C00775,ธีร,หญิง,25-34,B05,2025-09-13,086-xxx-3293,2025-09-13
C00776,ทิพย์,ชาย,35-44,B05,2025-11-04,088-xxx-1506,2025-11-04
C00777,ปิยะ,ชาย,35-44,B03,2026-04-06,083-xxx-5976,2026-04-06
C00778,สมชาย,ชาย,18-24,B02,2025-05-03,088-xxx-6605,2025-05-03
C00779,วีระ,ชาย,25-34,B04,2026-08-24,085-xxx-4916,2026-08-24
C00780,อัญชลี,ไม่ระบุ,18-24,B03,2026-03-02,081-xxx-3332,2026-03-02
C00781,ศิริ,ชาย,55+,B01,2025-05-24,086-xxx-1883,2025-05-24
C00782,กมล,ชาย,25-34,B03,2026-02-07,083-xxx-4139,2026-02-07
C00783,ธนา,ชาย,25-34,B05,2026-02-04,083-xxx-8369,2026-02-04
C00784,ชนา,หญิง,18-24,B04,2026-05-19,085-xxx-2702,2026-05-19
C00785,ธีร,หญิง,45-54,B04,2025-06-26,081-xxx-3642,2025-06-26
C00786,ณัฐ,ชาย,25-34,B01,2026-08-07,089-xxx-3897,2026-08-07
C00787,ปวีณ,ชาย,18-24,B05,2025-08-21,083-xxx-1020,2025-08-21
C00788,อัญชลี,ไม่ระบุ,25-34,B02,2025-10-13,082-xxx-4084,2025-10-13
C00789,เกศ,หญิง,25-34,B01,2025-09-23,083-xxx-9412,2025-09-23
C00790,ปิยะ,หญิง,25-34,B04,2026-04-15,089-xxx-1390,2026-04-15
C00791,วรรณ,หญิง,25-34,B04,2026-03-16,083-xxx-9243,2026-03-16
C00792,มานพ,หญิง,18-24,B01,2025-08-10,086-xxx-5855,2025-08-10
C00793,สมชาย,หญิง,18-24,B05,2026-06-24,086-xxx-3403,2026-06-24
C00794,สมชาย,หญิง,18-24,B04,2025-06-06,083-xxx-5536,2025-06-06
C00795,กิตติ,ไม่ระบุ,25-34,B02,2025-12-23,082-xxx-5546,2025-12-23
C00796,กิตติ,ชาย,35-44,B01,2025-04-21,084-xxx-7158,2025-04-21
C00797,สุดา,หญิง,18-24,B01,2025-11-22,082-xxx-6223,2025-11-22
C00798,กิตติ,ชาย,25-34,B02,2026-01-04,085-xxx-4666,2026-01-04
C00799,ภัทร,หญิง,35-44,B02,2026-04-21,082-xxx-8183,2026-04-21
C00800,มานพ,หญิง,18-24,B01,2026-06-30,085-xxx-7442,2026-06-30
C00801,ชนา,ชาย,35-44,B03,2026-05-13,086-xxx-8976,2026-05-13
C00802,มานพ,ชาย,18-24,B02,2025-09-09,086-xxx-6319,2025-09-09
C00803,กิตติ,ชาย,35-44,B05,2026-01-16,086-xxx-9827,2026-01-16
C00804,ชนา,หญิง,25-34,B05,2026-05-25,082-xxx-5656,2026-05-25
C00805,ณัฐ,หญิง,25-34,B05,2026-01-15,087-xxx-4516,2026-01-15
C00806,รัตนา,หญิง,18-24,B01,2026-04-08,082-xxx-1106,2026-04-08
C00807,มานพ,ชาย,45-54,B01,2025-05-17,086-xxx-5781,2025-05-17
C00808,ศิริ,ชาย,25-34,B03,2026-05-17,085-xxx-1318,2026-05-17
C00809,ธนา,ชาย,25-34,B02,2025-07-06,088-xxx-5383,2025-07-06
C00810,มานพ,ไม่ระบุ,45-54,B04,2026-02-16,084-xxx-8386,2026-02-16
C00811,สุดา,หญิง,18-24,B03,2026-08-19,083-xxx-4738,2026-08-19
C00812,ชนา,ชาย,45-54,B03,2026-01-15,087-xxx-5941,2026-01-15
C00813,จิรา,ไม่ระบุ,18-24,B02,2026-06-10,089-xxx-6805,2026-06-10
C00814,อรุณ,หญิง,45-54,B01,2026-07-14,086-xxx-2026,2026-07-14
C00815,สุดา,หญิง,18-24,B02,2025-05-06,085-xxx-1217,2025-05-06
C00816,ชนา,หญิง,45-54,B01,2026-02-24,084-xxx-3384,2026-02-24
C00817,ปิยะ,ชาย,ต่ำกว่า 18,B05,2026-03-04,088-xxx-1930,2026-03-04
C00818,เกศ,ชาย,25-34,B01,2026-09-14,083-xxx-1971,2026-09-14
C00819,นภัส,หญิง,35-44,B02,2026-02-19,087-xxx-6457,2026-02-19
C00820,ภูมิ,ชาย,18-24,B02,2026-03-11,081-xxx-9916,2026-03-11
C00821,อรุณ,หญิง,18-24,B01,2026-03-15,087-xxx-4168,2026-03-15
C00822,วีระ,ชาย,25-34,B02,2025-06-20,087-xxx-8776,2025-06-20
C00823,ณัฐ,หญิง,25-34,B04,2025-06-29,086-xxx-1069,2025-06-29
C00824,ธีร,ชาย,18-24,B02,2026-03-08,089-xxx-1372,2026-03-08
C00825,พิม,หญิง,18-24,B02,2025-04-03,086-xxx-5796,2025-04-03
C00826,เกศ,ชาย,25-34,B05,2025-06-29,084-xxx-2524,2025-06-29
C00827,เกศ,หญิง,25-34,B02,2025-08-06,084-xxx-6169,2025-08-06
C00828,รัตนา,ชาย,35-44,B01,2025-11-16,087-xxx-3825,2025-11-16
C00829,สมชาย,ชาย,18-24,B03,2026-07-19,085-xxx-6401,2026-07-19
C00830,ปิยะ,หญิง,25-34,B05,2025-11-20,082-xxx-1664,2025-11-20
C00831,สมชาย,ชาย,35-44,B03,2026-07-21,083-xxx-1618,2026-07-21
C00832,อัญชลี,หญิง,25-34,B01,2025-07-03,083-xxx-1360,2025-07-03
C00833,ภูมิ,หญิง,35-44,B04,2025-04-10,083-xxx-7933,2025-04-10
C00834,มานพ,หญิง,18-24,B03,2026-07-26,084-xxx-5560,2026-07-26
C00835,ภัทร,หญิง,35-44,B01,2025-12-07,085-xxx-7788,2025-12-07
C00836,พิม,หญิง,18-24,B04,2025-06-11,083-xxx-9561,2025-06-11
C00837,ปิยะ,ชาย,25-34,B04,2026-04-25,082-xxx-7951,2026-04-25
C00838,ปิยะ,หญิง,25-34,B05,2026-05-05,087-xxx-6043,2026-05-05
C00839,ภัทร,ชาย,18-24,B02,2026-04-18,085-xxx-4493,2026-04-18
C00840,กิตติ,ชาย,18-24,B05,2026-01-03,088-xxx-8466,2026-01-03
C00841,มานพ,ชาย,18-24,B03,2026-07-04,085-xxx-7572,2026-07-04
C00842,กิตติ,หญิง,18-24,B04,2026-04-15,085-xxx-9289,2026-04-15
C00843,สมชาย,หญิง,35-44,B05,2026-01-05,085-xxx-2724,2026-01-05
C00844,กิตติ,หญิง,18-24,B05,2025-12-13,088-xxx-8707,2025-12-13
C00845,สุดา,ชาย,25-34,B04,2026-05-15,085-xxx-9166,2026-05-15
C00846,ปวีณ,ชาย,45-54,B05,2025-06-18,086-xxx-7021,2025-06-18
C00847,พิม,หญิง,18-24,B01,2025-10-21,087-xxx-1788,2025-10-21
C00848,อัญชลี,หญิง,25-34,B02,2026-02-22,082-xxx-7593,2026-02-22
C00849,ปวีณ,ชาย,25-34,B03,2026-07-30,088-xxx-3884,2026-07-30
C00850,ชนา,หญิง,ต่ำกว่า 18,B04,2026-02-09,089-xxx-4765,2026-02-09
C00851,ปิยะ,ชาย,25-34,B02,2025-08-22,086-xxx-8308,2025-08-22
C00852,ปิยะ,ไม่ระบุ,18-24,B05,2025-10-18,085-xxx-2538,2025-10-18
C00853,นภัส,หญิง,55+,B01,2025-05-04,089-xxx-5283,2025-05-04
C00854,รัตนา,หญิง,55+,B04,2025-08-03,081-xxx-9625,2025-08-03
C00855,กมล,หญิง,25-34,B01,2025-09-06,086-xxx-7827,2025-09-06
C00856,ภัทร,ชาย,25-34,B03,2026-01-17,082-xxx-3312,2026-01-17
C00857,อรุณ,ชาย,35-44,B05,2025-07-11,081-xxx-6493,2025-07-11
C00858,ธนา,ชาย,25-34,B02,2025-05-07,086-xxx-1905,2025-05-07
C00859,จิรา,หญิง,55+,B03,2026-05-29,081-xxx-1145,2026-05-29
C00860,วรรณ,หญิง,45-54,B05,2025-11-04,087-xxx-1569,2025-11-04
C00861,อรุณ,ชาย,45-54,B04,2026-04-17,087-xxx-4535,2026-04-17
C00862,ธีร,ชาย,25-34,B01,2026-07-21,084-xxx-3267,2026-07-21
C00863,ปิยะ,หญิง,25-34,B02,2026-05-23,087-xxx-6431,2026-05-23
C00864,ปิยะ,ชาย,18-24,B05,2026-02-21,081-xxx-8739,2026-02-21
C00865,ศิริ,ชาย,45-54,B01,2025-11-08,082-xxx-6865,2025-11-08
C00866,ปิยะ,หญิง,25-34,B01,2025-04-27,083-xxx-5673,2025-04-27
C00867,อรุณ,ชาย,35-44,B05,2025-04-02,089-xxx-9793,2025-04-02
C00868,ชนา,หญิง,18-24,B05,2026-01-10,085-xxx-2119,2026-01-10
C00869,ทิพย์,หญิง,45-54,B02,2025-10-20,089-xxx-6404,2025-10-20
C00870,มานพ,หญิง,25-34,B01,2026-09-09,081-xxx-7051,2026-09-09
C00871,ศิริ,ชาย,25-34,B01,2026-08-21,087-xxx-9675,2026-08-21
C00872,อัญชลี,ชาย,25-34,B04,2026-02-23,087-xxx-7747,2026-02-23
C00873,สมชาย,ชาย,ต่ำกว่า 18,B02,2026-08-08,085-xxx-5314,2026-08-08
C00874,กิตติ,หญิง,25-34,B01,2025-08-30,086-xxx-3754,2025-08-30
C00875,สุดา,ชาย,25-34,B01,2026-03-08,087-xxx-6954,2026-03-08
C00876,รัตนา,หญิง,25-34,B02,2025-06-12,082-xxx-3971,2025-06-12
C00877,นภัส,หญิง,35-44,B05,2025-09-25,087-xxx-7115,2025-09-25
C00878,อัญชลี,ชาย,25-34,B05,2026-03-21,081-xxx-3996,2026-03-21
C00879,ภัทร,หญิง,18-24,B03,2026-01-04,084-xxx-4991,2026-01-04
C00880,เกศ,หญิง,25-34,B04,2025-06-02,088-xxx-8500,2025-06-02
C00881,อัญชลี,หญิง,25-34,B05,2026-06-11,086-xxx-4684,2026-06-11
C00882,อรุณ,ชาย,18-24,B03,2025-12-09,083-xxx-2409,2025-12-09
C00883,ศิริ,ชาย,35-44,B02,2025-10-04,082-xxx-4995,2025-10-04
C00884,ภัทร,ชาย,45-54,B01,2025-09-07,081-xxx-6451,2025-09-07
C00885,อัญชลี,หญิง,35-44,B01,2026-03-23,083-xxx-2699,2026-03-23
C00886,ทิพย์,หญิง,35-44,B01,2025-08-29,085-xxx-4070,2025-08-29
C00887,ศิริ,หญิง,25-34,B03,2026-04-26,085-xxx-5150,2026-04-26
C00888,เกศ,หญิง,45-54,B04,2026-08-26,089-xxx-1570,2026-08-26
C00889,ศิริ,ชาย,55+,B03,2026-04-10,084-xxx-7978,2026-04-10
C00890,ศิริ,หญิง,25-34,B04,2026-03-20,086-xxx-2110,2026-03-20
C00891,สมชาย,หญิง,35-44,B05,2025-10-20,088-xxx-3993,2025-10-20
C00892,วีระ,ชาย,18-24,B04,2025-10-12,086-xxx-8545,2025-10-12
C00893,ณัฐ,หญิง,35-44,B05,2025-08-18,085-xxx-2256,2025-08-18
C00894,สมชาย,ชาย,35-44,B03,2026-08-26,083-xxx-4789,2026-08-26
C00895,ณัฐ,ชาย,35-44,B03,2026-06-17,086-xxx-1081,2026-06-17
C00896,ชนา,ชาย,55+,B01,2026-06-23,083-xxx-8971,2026-06-23
C00897,ภูมิ,ไม่ระบุ,45-54,B04,2026-03-13,085-xxx-9093,2026-03-13
C00898,ปวีณ,ชาย,18-24,B05,2026-08-31,089-xxx-7581,2026-08-31
C00899,ศิริ,ชาย,25-34,B01,2025-09-06,086-xxx-2301,2025-09-06
C00900,ชนา,ชาย,25-34,B01,2026-05-04,086-xxx-8185,2026-05-04
C00901,อัญชลี,ชาย,18-24,B03,2026-08-17,086-xxx-3438,2026-08-17
C00902,ทิพย์,ชาย,45-54,B05,2025-05-26,089-xxx-9949,2025-05-26
C00903,สุดา,หญิง,55+,B05,2026-02-16,086-xxx-5336,2026-02-16
C00904,ศิริ,หญิง,18-24,B05,2026-01-16,083-xxx-4121,2026-01-16
C00905,จิรา,หญิง,18-24,B01,2026-07-13,088-xxx-9470,2026-07-13
C00906,ปวีณ,ชาย,55+,B02,2025-10-30,084-xxx-8359,2025-10-30
C00907,ปวีณ,หญิง,25-34,B01,2025-08-19,084-xxx-2204,2025-08-19
C00908,ทิพย์,ชาย,18-24,B05,2026-05-09,083-xxx-1064,2026-05-09
C00909,ณัฐ,หญิง,18-24,B03,2026-06-18,084-xxx-5989,2026-06-18
C00910,ปวีณ,ไม่ระบุ,45-54,B01,2025-04-09,082-xxx-5235,2025-04-09
C00911,สมชาย,หญิง,18-24,B05,2025-10-18,085-xxx-1102,2025-10-18
C00912,ศิริ,หญิง,35-44,B03,2026-06-20,088-xxx-1102,2026-06-20
C00913,ธีร,ชาย,18-24,B05,2026-06-20,088-xxx-3135,2026-06-20
C00914,รัตนา,หญิง,18-24,B04,2026-07-18,089-xxx-8284,2026-07-18
C00915,ภัทร,หญิง,35-44,B01,2025-06-15,082-xxx-5997,2025-06-15
C00916,มานพ,หญิง,35-44,B03,2026-08-18,086-xxx-2823,2026-08-18
C00917,อัญชลี,หญิง,18-24,B02,2026-01-13,089-xxx-6192,2026-01-13
C00918,ธนา,ชาย,18-24,B01,2025-09-30,089-xxx-7293,2025-09-30
C00919,ภูมิ,ชาย,18-24,B01,2026-02-26,085-xxx-7642,2026-02-26
C00920,วรรณ,ชาย,25-34,B04,2025-07-29,082-xxx-1219,2025-07-29
C00921,ปิยะ,หญิง,25-34,B05,2026-07-10,082-xxx-2288,2026-07-10
C00922,สุดา,หญิง,35-44,B05,2026-06-01,085-xxx-5466,2026-06-01
C00923,อัญชลี,ชาย,18-24,B05,2025-08-22,083-xxx-5038,2025-08-22
C00924,พิม,ชาย,25-34,B04,2026-05-20,084-xxx-8195,2026-05-20
C00925,จิรา,ชาย,18-24,B01,2025-09-18,084-xxx-9948,2025-09-18
C00926,สมชาย,ชาย,18-24,B03,2026-03-30,088-xxx-2375,2026-03-30
C00927,เกศ,หญิง,ต่ำกว่า 18,B02,2026-07-20,081-xxx-6928,2026-07-20
C00928,ธีร,หญิง,ต่ำกว่า 18,B04,2026-05-04,084-xxx-3478,2026-05-04
C00929,ศิริ,ชาย,25-34,B03,2026-07-31,087-xxx-8956,2026-07-31
C00930,กิตติ,หญิง,25-34,B01,2026-04-12,081-xxx-6670,2026-04-12
C00931,ศิริ,หญิง,18-24,B03,2026-02-05,084-xxx-2964,2026-02-05
C00932,ทิพย์,ชาย,55+,B01,2025-04-30,088-xxx-4075,2025-04-30
C00933,ปิยะ,หญิง,45-54,B01,2026-06-23,086-xxx-7717,2026-06-23
C00934,ณัฐ,ชาย,35-44,B02,2026-07-20,085-xxx-6077,2026-07-20
C00935,มานพ,หญิง,18-24,B05,2025-11-18,084-xxx-8804,2025-11-18
C00936,ธนา,ชาย,25-34,B01,2025-09-22,088-xxx-4400,2025-09-22
C00937,ณัฐ,หญิง,25-34,B05,2025-05-19,082-xxx-1427,2025-05-19
C00938,กมล,ชาย,ต่ำกว่า 18,B05,2025-04-13,084-xxx-7995,2025-04-13
C00939,สุดา,หญิง,18-24,B05,2026-06-19,083-xxx-8158,2026-06-19
C00940,วีระ,หญิง,18-24,B04,2026-04-16,088-xxx-7530,2026-04-16
C00941,ทิพย์,ชาย,18-24,B03,2026-08-28,089-xxx-7430,2026-08-28
C00942,ทิพย์,ไม่ระบุ,25-34,B05,2026-07-06,087-xxx-3941,2026-07-06
C00943,ชนา,ชาย,45-54,B05,2025-08-04,085-xxx-1088,2025-08-04
C00944,กิตติ,หญิง,25-34,B04,2026-04-27,086-xxx-2693,2026-04-27
C00945,ธนา,หญิง,35-44,B01,2025-11-22,087-xxx-2846,2025-11-22
C00946,ปวีณ,หญิง,35-44,B02,2026-09-07,086-xxx-6632,2026-09-07
C00947,ปิยะ,หญิง,25-34,B05,2025-06-14,087-xxx-2722,2025-06-14
C00948,อรุณ,หญิง,25-34,B02,2026-05-04,089-xxx-7858,2026-05-04
C00949,พิม,ชาย,25-34,B01,2025-11-05,083-xxx-2953,2025-11-05
C00950,ธีร,หญิง,35-44,B03,2026-03-06,087-xxx-4363,2026-03-06
C00951,สมชาย,หญิง,18-24,B01,2026-08-14,083-xxx-6864,2026-08-14
C00952,ธีร,หญิง,ต่ำกว่า 18,B02,2026-01-04,081-xxx-9204,2026-01-04
C00953,อรุณ,หญิง,25-34,B01,2025-11-28,081-xxx-7604,2025-11-28
C00954,ปวีณ,หญิง,55+,B03,2025-11-16,085-xxx-4298,2025-11-16
C00955,วรรณ,หญิง,35-44,B02,2025-07-24,083-xxx-2016,2025-07-24
C00956,วรรณ,หญิง,25-34,B03,2026-07-20,086-xxx-6379,2026-07-20
C00957,สมชาย,ชาย,45-54,B04,2025-10-21,083-xxx-6131,2025-10-21
C00958,มานพ,ไม่ระบุ,45-54,B01,2025-11-07,088-xxx-6701,2025-11-07
C00959,อรุณ,หญิง,25-34,B02,2025-08-10,088-xxx-4932,2025-08-10
C00960,สุดา,หญิง,25-34,B01,2025-11-14,089-xxx-4823,2025-11-14
C00961,ปวีณ,ชาย,18-24,B05,2025-10-30,082-xxx-2934,2025-10-30
C00962,อัญชลี,หญิง,35-44,B01,2026-03-10,085-xxx-8741,2026-03-10
C00963,ธีร,หญิง,18-24,B05,2025-05-18,083-xxx-8398,2025-05-18
C00964,เกศ,หญิง,18-24,B01,2025-10-16,081-xxx-1677,2025-10-16
C00965,ธีร,ไม่ระบุ,25-34,B03,2026-05-29,088-xxx-6071,2026-05-29
C00966,จิรา,ชาย,25-34,B04,2026-02-12,087-xxx-8107,2026-02-12
C00967,สุดา,หญิง,55+,B01,2025-06-11,088-xxx-7038,2025-06-11
C00968,ทิพย์,หญิง,18-24,B01,2026-07-07,083-xxx-6515,2026-07-07
C00969,อรุณ,ชาย,25-34,B04,2025-09-08,084-xxx-8341,2025-09-08
C00970,ภูมิ,หญิง,25-34,B01,2025-09-04,087-xxx-6771,2025-09-04
C00971,รัตนา,หญิง,25-34,B01,2026-07-28,088-xxx-4430,2026-07-28
C00972,เกศ,ชาย,25-34,B04,2026-02-14,083-xxx-5083,2026-02-14
C00973,จิรา,ชาย,35-44,B01,2026-06-04,086-xxx-3850,2026-06-04
C00974,อัญชลี,หญิง,55+,B02,2025-08-08,089-xxx-7779,2025-08-08
C00975,ภัทร,หญิง,25-34,B01,2025-11-05,085-xxx-4128,2025-11-05
C00976,มานพ,หญิง,25-34,B02,2026-02-20,084-xxx-1956,2026-02-20
C00977,พิม,ไม่ระบุ,18-24,B05,2026-01-19,087-xxx-3518,2026-01-19
C00978,อรุณ,หญิง,18-24,B02,2026-08-02,084-xxx-3957,2026-08-02
C00979,เกศ,หญิง,35-44,B02,2026-05-24,082-xxx-1876,2026-05-24
C00980,อรุณ,ชาย,25-34,B02,2025-10-27,084-xxx-6443,2025-10-27
C00981,กมล,ชาย,25-34,B02,2025-09-02,087-xxx-6294,2025-09-02
C00982,พิม,ชาย,35-44,B02,2025-04-14,088-xxx-1657,2025-04-14
C00983,สุดา,หญิง,25-34,B05,2026-05-27,084-xxx-2029,2026-05-27
C00984,ทิพย์,หญิง,25-34,B05,2025-07-30,082-xxx-8289,2025-07-30
C00985,สมชาย,หญิง,25-34,B05,2025-08-17,086-xxx-5374,2025-08-17
C00986,ภัทร,ชาย,18-24,B04,2026-01-11,086-xxx-2133,2026-01-11
C00987,ทิพย์,หญิง,18-24,B01,2025-05-22,086-xxx-4704,2025-05-22
C00988,ปวีณ,ชาย,45-54,B05,2025-10-08,083-xxx-8514,2025-10-08
C00989,กมล,ชาย,25-34,B02,2026-04-03,088-xxx-1050,2026-04-03
C00990,ปวีณ,ชาย,25-34,B05,2026-01-11,087-xxx-2363,2026-01-11
C00991,อรุณ,หญิง,18-24,B01,2025-07-17,081-xxx-7476,2025-07-17
C00992,รัตนา,ชาย,18-24,B05,2026-03-07,085-xxx-4622,2026-03-07
C00993,ธีร,ชาย,25-34,B01,2025-10-10,084-xxx-8569,2025-10-10
C00994,อรุณ,ชาย,35-44,B05,2025-06-14,084-xxx-2707,2025-06-14
C00995,ธีร,หญิง,18-24,B05,2026-07-07,089-xxx-8110,2026-07-07
C00996,ธนา,ชาย,35-44,B03,2026-01-18,083-xxx-3178,2026-01-18
C00997,อัญชลี,ชาย,ต่ำกว่า 18,B04,2025-06-01,083-xxx-7127,2025-06-01
C00998,ศิริ,หญิง,25-34,B01,2026-01-16,082-xxx-7312,2026-01-16
C00999,รัตนา,หญิง,25-34,B02,2026-05-24,089-xxx-6516,2026-05-24
C01000,รัตนา,หญิง,ต่ำกว่า 18,B02,2025-06-16,086-xxx-5097,2025-06-16
C01001,ชนา,ชาย,45-54,B05,2026-03-09,085-xxx-2502,2026-03-09
C01002,ภูมิ,หญิง,25-34,B04,2026-04-20,085-xxx-8057,2026-04-20
C01003,เกศ,ชาย,55+,B01,2026-05-04,087-xxx-2227,2026-05-04
C01004,สุดา,ชาย,ต่ำกว่า 18,B03,2026-04-14,081-xxx-7111,2026-04-14
C01005,นภัส,ชาย,35-44,B01,2025-12-22,087-xxx-8936,2025-12-22
C01006,ธนา,หญิง,55+,B05,2026-03-11,083-xxx-8303,2026-03-11
C01007,มานพ,ไม่ระบุ,25-34,B02,2025-05-09,084-xxx-5403,2025-05-09
C01008,ปิยะ,หญิง,25-34,B05,2025-06-24,084-xxx-9459,2025-06-24
C01009,จิรา,ชาย,25-34,B03,2026-07-07,084-xxx-4586,2026-07-07
C01010,ชนา,หญิง,18-24,B04,2026-08-12,088-xxx-6832,2026-08-12
C01011,สุดา,ชาย,35-44,B05,2025-07-18,088-xxx-3960,2025-07-18
C01012,มานพ,หญิง,35-44,B02,2026-09-02,089-xxx-6551,2026-09-02
C01013,ศิริ,หญิง,45-54,B01,2025-07-25,088-xxx-9407,2025-07-25
C01014,กมล,ชาย,35-44,B01,2026-03-15,084-xxx-7568,2026-03-15
C01015,ศิริ,หญิง,18-24,B05,2025-11-19,086-xxx-6439,2025-11-19
C01016,อัญชลี,หญิง,18-24,B01,2025-10-13,081-xxx-4099,2025-10-13
C01017,วรรณ,ชาย,25-34,B01,2026-06-29,083-xxx-3341,2026-06-29
C01018,สุดา,หญิง,35-44,B01,2026-04-17,085-xxx-9197,2026-04-17
C01019,จิรา,ชาย,18-24,B05,2025-09-06,087-xxx-3220,2025-09-06
C01020,นภัส,ชาย,35-44,B02,2025-09-23,086-xxx-4935,2025-09-23
C01021,ภัทร,หญิง,25-34,B01,2026-04-14,082-xxx-1711,2026-04-14
C01022,รัตนา,ชาย,25-34,B01,2026-03-16,086-xxx-3036,2026-03-16
C01023,วีระ,หญิง,25-34,B05,2026-05-15,088-xxx-4657,2026-05-15
C01024,ณัฐ,หญิง,45-54,B04,2025-11-11,084-xxx-6201,2025-11-11
C01025,ทิพย์,หญิง,55+,B02,2025-11-08,086-xxx-5396,2025-11-08
C01026,สมชาย,หญิง,18-24,B01,2026-03-07,084-xxx-8170,2026-03-07
C01027,อัญชลี,ชาย,45-54,B01,2025-07-24,086-xxx-3462,2025-07-24
C01028,กิตติ,หญิง,55+,B02,2026-07-25,086-xxx-9455,2026-07-25
C01029,ชนา,ไม่ระบุ,18-24,B05,2025-12-27,082-xxx-6984,2025-12-27
C01030,สมชาย,ชาย,18-24,B01,2025-08-15,084-xxx-1715,2025-08-15
C01031,พิม,หญิง,18-24,B02,2026-02-05,084-xxx-5616,2026-02-05
C01032,จิรา,ชาย,25-34,B03,2026-04-18,084-xxx-4294,2026-04-18
C01033,จิรา,หญิง,25-34,B03,2026-02-26,087-xxx-6506,2026-02-26
C01034,สุดา,ชาย,25-34,B02,2025-09-14,088-xxx-6210,2025-09-14
C01035,อัญชลี,ชาย,18-24,B03,2026-04-16,087-xxx-8710,2026-04-16
C01036,ปิยะ,ชาย,18-24,B05,2026-07-24,082-xxx-3205,2026-07-24
C01037,ปิยะ,หญิง,ต่ำกว่า 18,B04,2025-04-03,088-xxx-5927,2025-04-03
C01038,กมล,หญิง,35-44,B04,2026-08-19,084-xxx-4938,2026-08-19
C01039,ชนา,ชาย,25-34,B05,2026-09-08,081-xxx-4932,2026-09-08
C01040,ภูมิ,หญิง,18-24,B01,2025-09-21,084-xxx-2696,2025-09-21
C01041,ณัฐ,ชาย,25-34,B01,2026-01-03,088-xxx-7262,2026-01-03
C01042,พิม,ชาย,18-24,B01,2026-04-25,084-xxx-1581,2026-04-25
C01043,วีระ,ชาย,35-44,B01,2025-11-02,085-xxx-8476,2025-11-02
C01044,ณัฐ,ชาย,25-34,B04,2025-08-07,085-xxx-9295,2025-08-07
C01045,พิม,ชาย,25-34,B05,2026-06-20,088-xxx-6494,2026-06-20
C01046,ปิยะ,หญิง,25-34,B02,2025-12-24,088-xxx-3741,2025-12-24
C01047,จิรา,ชาย,35-44,B05,2025-08-24,081-xxx-7745,2025-08-24
C01048,วีระ,หญิง,45-54,B05,2026-03-20,087-xxx-6969,2026-03-20
C01049,กมล,ชาย,25-34,B01,2025-07-05,085-xxx-1808,2025-07-05
C01050,นภัส,ชาย,35-44,B01,2026-04-20,089-xxx-5410,2026-04-20
C01051,รัตนา,หญิง,25-34,B01,2025-10-22,085-xxx-6202,2025-10-22
C01052,วีระ,หญิง,18-24,B05,2026-08-12,084-xxx-7089,2026-08-12
C01053,จิรา,ชาย,18-24,B02,2025-08-29,087-xxx-3239,2025-08-29
C01054,ภัทร,ชาย,35-44,B02,2025-12-24,088-xxx-2913,2025-12-24
C01055,มานพ,หญิง,45-54,B01,2026-04-24,086-xxx-4423,2026-04-24
C01056,อัญชลี,หญิง,25-34,B02,2025-11-21,081-xxx-3399,2025-11-21
C01057,ธนา,ชาย,25-34,B02,2025-10-23,085-xxx-9036,2025-10-23
C01058,ศิริ,ชาย,25-34,B01,2026-03-12,085-xxx-2288,2026-03-12
C01059,กิตติ,หญิง,18-24,B03,2026-06-06,087-xxx-3455,2026-06-06
C01060,ศิริ,หญิง,45-54,B04,2025-11-16,084-xxx-1137,2025-11-16
C01061,ธนา,ชาย,25-34,B05,2026-04-03,086-xxx-8801,2026-04-03
C01062,กมล,ชาย,35-44,B01,2026-08-09,084-xxx-5948,2026-08-09
C01063,นภัส,ชาย,25-34,B02,2025-11-25,085-xxx-1678,2025-11-25
C01064,พิม,ชาย,25-34,B02,2026-06-03,081-xxx-4592,2026-06-03
C01065,ปวีณ,ชาย,35-44,B05,2025-09-04,089-xxx-3453,2025-09-04
C01066,อัญชลี,ชาย,55+,B01,2025-12-03,085-xxx-3945,2025-12-03
C01067,ชนา,หญิง,35-44,B02,2026-05-29,083-xxx-3545,2026-05-29
C01068,ธนา,หญิง,35-44,B03,2026-05-09,089-xxx-4386,2026-05-09
C01069,ณัฐ,หญิง,35-44,B01,2025-06-14,085-xxx-2747,2025-06-14
C01070,เกศ,ชาย,25-34,B05,2025-07-05,083-xxx-7821,2025-07-05
C01071,พิม,หญิง,45-54,B02,2025-04-06,081-xxx-5860,2025-04-06
C01072,ภัทร,ชาย,18-24,B03,2026-05-14,084-xxx-9961,2026-05-14
C01073,ปิยะ,หญิง,25-34,B02,2025-04-05,081-xxx-2339,2025-04-05
C01074,กมล,ชาย,45-54,B01,2026-08-07,085-xxx-1115,2026-08-07
C01075,เกศ,หญิง,18-24,B04,2026-08-30,086-xxx-7207,2026-08-30
C01076,กิตติ,หญิง,18-24,B04,2026-05-16,084-xxx-1100,2026-05-16
C01077,ทิพย์,หญิง,25-34,B05,2025-05-30,086-xxx-3881,2025-05-30
C01078,ศิริ,หญิง,45-54,B02,2026-01-29,087-xxx-3184,2026-01-29
C01079,ภูมิ,หญิง,25-34,B04,2026-07-16,089-xxx-4119,2026-07-16
C01080,มานพ,หญิง,25-34,B04,2026-08-15,088-xxx-8605,2026-08-15
C01081,วรรณ,ไม่ระบุ,18-24,B04,2025-09-07,085-xxx-4306,2025-09-07
C01082,กิตติ,หญิง,55+,B05,2026-02-27,085-xxx-2795,2026-02-27
C01083,ทิพย์,หญิง,35-44,B01,2025-09-22,083-xxx-3582,2025-09-22
C01084,จิรา,หญิง,25-34,B04,2026-06-01,087-xxx-2812,2026-06-01
C01085,ทิพย์,หญิง,35-44,B01,2026-01-12,088-xxx-1299,2026-01-12
C01086,วรรณ,ชาย,25-34,B03,2026-08-22,088-xxx-3511,2026-08-22
C01087,นภัส,หญิง,35-44,B01,2025-12-25,083-xxx-1831,2025-12-25
C01088,วรรณ,หญิง,25-34,B02,2025-07-21,088-xxx-8097,2025-07-21
C01089,ปิยะ,หญิง,45-54,B03,2026-04-06,082-xxx-7394,2026-04-06
C01090,กิตติ,ชาย,18-24,B02,2026-05-07,082-xxx-5261,2026-05-07
C01091,ธีร,ชาย,18-24,B01,2025-04-29,086-xxx-5373,2025-04-29
C01092,ณัฐ,หญิง,45-54,B02,2026-02-16,088-xxx-3898,2026-02-16
C01093,มานพ,หญิง,25-34,B05,2026-02-18,082-xxx-5095,2026-02-18
C01094,วรรณ,หญิง,18-24,B01,2026-07-21,085-xxx-9358,2026-07-21
C01095,ภัทร,หญิง,18-24,B04,2025-11-13,088-xxx-1789,2025-11-13
C01096,ปวีณ,หญิง,35-44,B02,2026-07-12,086-xxx-3519,2026-07-12
C01097,จิรา,ชาย,45-54,B01,2026-04-06,087-xxx-2049,2026-04-06
C01098,อรุณ,หญิง,35-44,B03,2026-08-12,089-xxx-2347,2026-08-12
C01099,กมล,ชาย,35-44,B01,2025-10-27,082-xxx-1334,2025-10-27
C01100,วีระ,หญิง,45-54,B05,2025-04-02,088-xxx-2729,2025-04-02
C01101,มานพ,หญิง,ต่ำกว่า 18,B01,2025-04-15,089-xxx-9463,2025-04-15
C01102,วีระ,ชาย,25-34,B03,2025-12-23,088-xxx-6031,2025-12-23
C01103,นภัส,หญิง,35-44,B02,2026-05-22,089-xxx-6416,2026-05-22
C01104,มานพ,ชาย,45-54,B04,2026-05-09,082-xxx-4528,2026-05-09
C01105,ปิยะ,ชาย,35-44,B01,2026-08-02,082-xxx-8466,2026-08-02
C01106,ธนา,ชาย,25-34,B05,2025-05-16,081-xxx-9603,2025-05-16
C01107,มานพ,หญิง,35-44,B01,2026-07-05,086-xxx-9658,2026-07-05
C01108,อรุณ,หญิง,35-44,B04,2026-06-14,082-xxx-3076,2026-06-14
C01109,นภัส,ชาย,18-24,B02,2026-07-02,085-xxx-9038,2026-07-02
C01110,เกศ,หญิง,18-24,B03,2025-11-06,085-xxx-2012,2025-11-06
C01111,ณัฐ,ชาย,25-34,B05,2026-06-22,088-xxx-6032,2026-06-22
C01112,ปิยะ,ชาย,45-54,B01,2025-12-14,089-xxx-9849,2025-12-14
C01113,จิรา,หญิง,25-34,B01,2026-07-04,082-xxx-2920,2026-07-04
C01114,ศิริ,ชาย,25-34,B05,2026-06-04,081-xxx-1206,2026-06-04
C01115,ภูมิ,ชาย,25-34,B01,2026-07-04,084-xxx-1800,2026-07-04
C01116,วรรณ,หญิง,35-44,B04,2026-07-11,086-xxx-6274,2026-07-11
C01117,ปิยะ,หญิง,18-24,B03,2026-01-13,088-xxx-8616,2026-01-13
C01118,กิตติ,หญิง,18-24,B04,2025-10-28,085-xxx-9132,2025-10-28
C01119,ชนา,หญิง,45-54,B01,2026-07-25,082-xxx-2386,2026-07-25
C01120,ธีร,ชาย,18-24,B05,2026-09-07,089-xxx-6354,2026-09-07
C01121,เกศ,ชาย,55+,B05,2025-12-07,081-xxx-8731,2025-12-07
C01122,วีระ,หญิง,18-24,B02,2026-02-14,081-xxx-4267,2026-02-14
C01123,ธนา,ชาย,18-24,B01,2025-11-17,084-xxx-5089,2025-11-17
C01124,สุดา,หญิง,25-34,B01,2026-08-09,084-xxx-4348,2026-08-09
C01125,ภัทร,หญิง,18-24,B01,2025-11-18,081-xxx-1348,2025-11-18
C01126,ปิยะ,หญิง,35-44,B01,2025-10-16,084-xxx-2828,2025-10-16
C01127,ปวีณ,หญิง,35-44,B05,2025-09-15,087-xxx-5677,2025-09-15
C01128,ปิยะ,ชาย,18-24,B04,2025-10-30,081-xxx-9198,2025-10-30
C01129,กมล,ชาย,18-24,B03,2026-08-10,089-xxx-3014,2026-08-10
C01130,วีระ,หญิง,35-44,B02,2025-09-07,085-xxx-5566,2025-09-07
C01131,สุดา,ชาย,45-54,B01,2026-08-21,082-xxx-7355,2026-08-21
C01132,อรุณ,ชาย,25-34,B04,2026-04-03,084-xxx-3213,2026-04-03
C01133,วีระ,ชาย,35-44,B02,2025-12-18,086-xxx-7009,2025-12-18
C01134,พิม,ชาย,25-34,B02,2025-05-18,085-xxx-3808,2025-05-18
C01135,อัญชลี,ไม่ระบุ,18-24,B02,2026-04-10,081-xxx-7457,2026-04-10
C01136,ปวีณ,หญิง,ต่ำกว่า 18,B04,2025-11-10,083-xxx-2114,2025-11-10
C01137,จิรา,ชาย,35-44,B02,2025-10-03,087-xxx-7109,2025-10-03
C01138,นภัส,ชาย,45-54,B02,2026-06-23,089-xxx-2544,2026-06-23
C01139,กมล,หญิง,25-34,B02,2025-10-01,082-xxx-8596,2025-10-01
C01140,กมล,หญิง,25-34,B01,2025-08-28,085-xxx-7318,2025-08-28
C01141,ธีร,หญิง,25-34,B05,2025-12-31,081-xxx-7445,2025-12-31
C01142,นภัส,ชาย,18-24,B04,2025-11-06,088-xxx-3396,2025-11-06
C01143,ธนา,ชาย,25-34,B05,2026-01-08,087-xxx-9881,2026-01-08
C01144,วรรณ,หญิง,25-34,B01,2025-11-03,084-xxx-1229,2025-11-03
C01145,อรุณ,ชาย,18-24,B03,2025-11-24,083-xxx-1227,2025-11-24
C01146,ณัฐ,ชาย,25-34,B01,2025-06-03,082-xxx-4689,2025-06-03
C01147,ชนา,หญิง,25-34,B01,2026-05-25,084-xxx-2494,2026-05-25
C01148,ปวีณ,หญิง,ต่ำกว่า 18,B01,2025-08-06,084-xxx-1848,2025-08-06
C01149,ปิยะ,หญิง,55+,B02,2025-06-18,088-xxx-2128,2025-06-18
C01150,ชนา,ชาย,25-34,B05,2026-09-03,085-xxx-3266,2026-09-03
C01151,สุดา,หญิง,25-34,B04,2025-05-25,088-xxx-1819,2025-05-25
C01152,พิม,ชาย,25-34,B02,2025-10-11,083-xxx-7583,2025-10-11
C01153,ชนา,ชาย,18-24,B03,2026-05-01,086-xxx-7053,2026-05-01
C01154,ปวีณ,ไม่ระบุ,25-34,B05,2025-07-01,082-xxx-7591,2025-07-01
C01155,ณัฐ,ชาย,25-34,B01,2026-06-12,085-xxx-3877,2026-06-12
C01156,อรุณ,หญิง,25-34,B02,2025-06-30,089-xxx-8367,2025-06-30
C01157,ทิพย์,หญิง,25-34,B05,2026-05-27,086-xxx-9750,2026-05-27
C01158,รัตนา,ชาย,25-34,B02,2026-03-04,089-xxx-2372,2026-03-04
C01159,ทิพย์,หญิง,25-34,B02,2025-09-08,088-xxx-5230,2025-09-08
C01160,อัญชลี,หญิง,45-54,B01,2025-11-13,086-xxx-8550,2025-11-13
C01161,กมล,หญิง,25-34,B03,2026-01-16,081-xxx-5586,2026-01-16
C01162,จิรา,หญิง,35-44,B04,2025-04-18,086-xxx-5255,2025-04-18
C01163,อัญชลี,หญิง,25-34,B01,2025-04-08,087-xxx-1476,2025-04-08
C01164,สมชาย,หญิง,25-34,B01,2026-03-24,081-xxx-9683,2026-03-24
C01165,ณัฐ,หญิง,35-44,B05,2026-04-16,083-xxx-8123,2026-04-16
C01166,สุดา,ชาย,25-34,B04,2026-02-27,082-xxx-8531,2026-02-27
C01167,ทิพย์,หญิง,45-54,B01,2026-08-05,087-xxx-7685,2026-08-05
C01168,จิรา,ชาย,35-44,B05,2026-08-04,083-xxx-4290,2026-08-04
C01169,ปิยะ,หญิง,45-54,B02,2026-04-09,086-xxx-1647,2026-04-09
C01170,รัตนา,ชาย,35-44,B02,2025-09-22,084-xxx-7358,2025-09-22
C01171,ณัฐ,หญิง,35-44,B04,2025-04-07,082-xxx-9099,2025-04-07
C01172,อรุณ,ชาย,25-34,B05,2026-03-31,081-xxx-1384,2026-03-31
C01173,รัตนา,ชาย,35-44,B03,2026-04-29,088-xxx-3158,2026-04-29
C01174,รัตนา,หญิง,45-54,B04,2025-04-26,083-xxx-6068,2025-04-26
C01175,มานพ,ชาย,25-34,B03,2026-03-09,086-xxx-8655,2026-03-09
C01176,ณัฐ,หญิง,18-24,B03,2026-04-25,086-xxx-9297,2026-04-25
C01177,ภูมิ,ชาย,ต่ำกว่า 18,B05,2025-10-02,084-xxx-9636,2025-10-02
C01178,พิม,หญิง,18-24,B01,2026-06-24,085-xxx-5898,2026-06-24
C01179,ปวีณ,หญิง,25-34,B05,2025-07-18,081-xxx-1817,2025-07-18
C01180,รัตนา,หญิง,18-24,B02,2025-06-08,089-xxx-5194,2025-06-08
C01181,พิม,หญิง,18-24,B05,2025-10-31,082-xxx-1848,2025-10-31
C01182,ชนา,ชาย,25-34,B05,2026-08-30,083-xxx-8811,2026-08-30
C01183,อรุณ,หญิง,18-24,B04,2025-04-12,089-xxx-1015,2025-04-12
C01184,ธนา,หญิง,25-34,B01,2025-12-26,087-xxx-3227,2025-12-26
C01185,ภูมิ,ชาย,45-54,B05,2025-08-11,081-xxx-9671,2025-08-11
C01186,ภัทร,หญิง,18-24,B03,2025-12-10,085-xxx-4981,2025-12-10
C01187,รัตนา,ไม่ระบุ,ต่ำกว่า 18,B01,2026-01-25,081-xxx-6898,2026-01-25
C01188,ณัฐ,ชาย,35-44,B01,2026-01-20,081-xxx-2195,2026-01-20
C01189,มานพ,ชาย,ต่ำกว่า 18,B05,2025-11-18,088-xxx-6619,2025-11-18
C01190,ชนา,หญิง,35-44,B05,2025-08-01,083-xxx-5549,2025-08-01
C01191,พิม,หญิง,25-34,B01,2025-09-19,088-xxx-8914,2025-09-19
C01192,ทิพย์,หญิง,18-24,B05,2026-04-05,083-xxx-2559,2026-04-05
C01193,เกศ,ชาย,35-44,B01,2026-04-06,089-xxx-6355,2026-04-06
C01194,อัญชลี,หญิง,35-44,B05,2025-08-05,087-xxx-8620,2025-08-05
C01195,ปวีณ,หญิง,25-34,B02,2026-02-04,085-xxx-3654,2026-02-04
C01196,อัญชลี,ชาย,55+,B05,2026-08-26,088-xxx-1122,2026-08-26
C01197,รัตนา,หญิง,18-24,B01,2025-04-28,082-xxx-5654,2025-04-28
C01198,ปิยะ,หญิง,35-44,B05,2026-05-18,082-xxx-2821,2026-05-18
C01199,วีระ,หญิง,35-44,B04,2026-05-11,089-xxx-6758,2026-05-11
C01200,อัญชลี,หญิง,18-24,B02,2026-07-01,088-xxx-4549,2026-07-01
C01201,วรรณ,หญิง,35-44,B03,2026-02-12,086-xxx-9393,2026-02-12
C01202,มานพ,หญิง,25-34,B05,2026-01-22,087-xxx-2778,2026-01-22
C01203,ณัฐ,ไม่ระบุ,18-24,B02,2025-10-20,089-xxx-3765,2025-10-20
C01204,อัญชลี,ชาย,45-54,B05,2026-08-01,083-xxx-5422,2026-08-01
C01205,สุดา,หญิง,25-34,B04,2025-05-11,083-xxx-9822,2025-05-11
C01206,วรรณ,ชาย,25-34,B01,2025-06-10,081-xxx-3636,2025-06-10
C01207,อัญชลี,หญิง,35-44,B03,2025-12-23,084-xxx-4804,2025-12-23
C01208,นภัส,ชาย,25-34,B04,2025-07-29,087-xxx-8881,2025-07-29
C01209,จิรา,หญิง,35-44,B03,2025-11-27,088-xxx-6993,2025-11-27
C01210,พิม,ชาย,45-54,B05,2025-08-26,089-xxx-6835,2025-08-26
C01211,วรรณ,ชาย,45-54,B02,2025-11-14,089-xxx-1651,2025-11-14
C01212,ณัฐ,ไม่ระบุ,18-24,B04,2026-04-02,083-xxx-7516,2026-04-02
C01213,ธนา,หญิง,25-34,B05,2026-01-29,082-xxx-6358,2026-01-29
C01214,ธีร,หญิง,25-34,B01,2025-07-30,089-xxx-3237,2025-07-30
C01215,นภัส,หญิง,25-34,B01,2026-01-30,085-xxx-3565,2026-01-30
C01216,อัญชลี,หญิง,18-24,B03,2026-03-07,087-xxx-3803,2026-03-07
C01217,พิม,หญิง,18-24,B05,2026-08-09,081-xxx-3633,2026-08-09
C01218,จิรา,หญิง,35-44,B01,2026-03-04,086-xxx-2451,2026-03-04
C01219,สมชาย,ชาย,35-44,B05,2025-10-21,086-xxx-4831,2025-10-21
C01220,ภัทร,หญิง,18-24,B04,2025-05-21,084-xxx-5956,2025-05-21
C01221,ปวีณ,หญิง,35-44,B04,2026-01-15,082-xxx-7013,2026-01-15
C01222,ปวีณ,ชาย,25-34,B05,2025-09-15,081-xxx-4280,2025-09-15
C01223,วรรณ,ชาย,45-54,B05,2026-06-21,088-xxx-4004,2026-06-21
C01224,ปวีณ,หญิง,25-34,B01,2026-02-05,083-xxx-9623,2026-02-05
C01225,อัญชลี,หญิง,18-24,B05,2026-03-26,087-xxx-8720,2026-03-26
C01226,อรุณ,ชาย,ต่ำกว่า 18,B04,2026-04-01,083-xxx-8877,2026-04-01
C01227,ปิยะ,ชาย,18-24,B05,2026-03-21,085-xxx-2905,2026-03-21
C01228,กิตติ,หญิง,ต่ำกว่า 18,B01,2025-06-11,082-xxx-4133,2025-06-11
C01229,นภัส,ชาย,25-34,B05,2025-08-22,082-xxx-4352,2025-08-22
C01230,ชนา,หญิง,18-24,B01,2026-04-02,083-xxx-4411,2026-04-02
C01231,รัตนา,ชาย,25-34,B01,2025-08-18,083-xxx-1814,2025-08-18
C01232,รัตนา,ชาย,18-24,B05,2025-12-15,082-xxx-5348,2025-12-15
C01233,ปวีณ,หญิง,25-34,B01,2025-08-22,087-xxx-6253,2025-08-22
C01234,จิรา,ชาย,35-44,B03,2026-07-10,088-xxx-5830,2026-07-10
C01235,พิม,หญิง,25-34,B05,2025-06-17,088-xxx-5938,2025-06-17
C01236,ธนา,หญิง,18-24,B02,2026-03-06,087-xxx-1788,2026-03-06
C01237,สุดา,หญิง,35-44,B02,2025-12-24,088-xxx-6922,2025-12-24
C01238,พิม,หญิง,35-44,B02,2026-04-25,086-xxx-3320,2026-04-25
C01239,เกศ,หญิง,25-34,B03,2026-08-26,083-xxx-8844,2026-08-26
C01240,ศิริ,ชาย,35-44,B04,2025-05-05,084-xxx-4005,2025-05-05
C01241,วีระ,ชาย,55+,B01,2026-08-11,085-xxx-6101,2026-08-11
C01242,ปิยะ,ชาย,35-44,B02,2026-03-09,088-xxx-4031,2026-03-09
C01243,วรรณ,ชาย,35-44,B02,2026-07-25,084-xxx-7432,2026-07-25
C01244,มานพ,หญิง,55+,B05,2025-07-09,082-xxx-3367,2025-07-09
C01245,ทิพย์,ชาย,25-34,B05,2026-08-28,082-xxx-9021,2026-08-28
C01246,ศิริ,ชาย,55+,B05,2026-05-10,082-xxx-2537,2026-05-10
C01247,สมชาย,หญิง,18-24,B02,2026-08-18,089-xxx-6851,2026-08-18
C01248,กิตติ,หญิง,25-34,B05,2025-05-28,086-xxx-8815,2025-05-28
C01249,ปวีณ,หญิง,25-34,B02,2026-07-20,085-xxx-6362,2026-07-20
C01250,มานพ,ชาย,25-34,B05,2026-03-30,084-xxx-9957,2026-03-30
C01251,อัญชลี,ชาย,ต่ำกว่า 18,B02,2025-07-12,087-xxx-8809,2025-07-12
C01252,กมล,หญิง,55+,B03,2026-09-10,089-xxx-9213,2026-09-10
C01253,ศิริ,ชาย,18-24,B01,2025-12-09,081-xxx-7267,2025-12-09
C01254,ธนา,ชาย,18-24,B01,2025-06-03,088-xxx-3777,2025-06-03
C01255,นภัส,หญิง,35-44,B04,2025-05-01,083-xxx-2065,2025-05-01
C01256,พิม,ชาย,45-54,B03,2025-11-06,084-xxx-5706,2025-11-06
C01257,ทิพย์,หญิง,25-34,B02,2026-05-03,082-xxx-6457,2026-05-03
C01258,มานพ,หญิง,25-34,B04,2026-04-26,081-xxx-2100,2026-04-26
C01259,รัตนา,หญิง,35-44,B05,2026-09-04,082-xxx-9148,2026-09-04
C01260,ธีร,หญิง,45-54,B04,2025-06-23,082-xxx-7618,2025-06-23
C01261,สมชาย,ไม่ระบุ,18-24,B01,2025-04-09,087-xxx-4640,2025-04-09
C01262,วีระ,ชาย,35-44,B03,2026-02-20,088-xxx-3372,2026-02-20
C01263,กิตติ,หญิง,25-34,B02,2025-07-20,081-xxx-6791,2025-07-20
C01264,ปิยะ,หญิง,45-54,B05,2025-09-09,086-xxx-6926,2025-09-09
C01265,สุดา,หญิง,25-34,B01,2025-06-25,083-xxx-8917,2025-06-25
C01266,พิม,หญิง,18-24,B03,2025-11-01,083-xxx-2637,2025-11-01
C01267,เกศ,ชาย,55+,B03,2026-02-04,083-xxx-8746,2026-02-04
C01268,สมชาย,หญิง,55+,B03,2026-07-21,089-xxx-9184,2026-07-21
C01269,วีระ,ชาย,18-24,B04,2025-05-21,084-xxx-7819,2025-05-21
C01270,ธนา,หญิง,18-24,B01,2026-06-09,088-xxx-4678,2026-06-09
C01271,รัตนา,ชาย,18-24,B04,2026-05-11,089-xxx-7739,2026-05-11
C01272,ชนา,หญิง,25-34,B02,2026-03-10,082-xxx-5926,2026-03-10
C01273,วรรณ,หญิง,18-24,B05,2025-10-28,088-xxx-8250,2025-10-28
C01274,กมล,หญิง,45-54,B04,2025-08-24,087-xxx-5320,2025-08-24
C01275,นภัส,ชาย,25-34,B05,2025-08-01,083-xxx-3068,2025-08-01
C01276,วรรณ,ชาย,35-44,B02,2026-07-07,085-xxx-9855,2026-07-07
C01277,ภูมิ,หญิง,25-34,B01,2026-04-12,081-xxx-1561,2026-04-12
C01278,ภัทร,หญิง,55+,B04,2025-11-09,084-xxx-1750,2025-11-09
C01279,สมชาย,หญิง,45-54,B01,2026-05-08,086-xxx-9022,2026-05-08
C01280,วีระ,ชาย,35-44,B02,2025-10-31,088-xxx-5303,2025-10-31
C01281,สมชาย,ชาย,ต่ำกว่า 18,B05,2025-08-31,081-xxx-9480,2025-08-31
C01282,วีระ,ชาย,25-34,B01,2026-06-05,082-xxx-2244,2026-06-05
C01283,ปวีณ,ชาย,35-44,B03,2026-08-22,083-xxx-4967,2026-08-22
C01284,ภูมิ,หญิง,25-34,B01,2025-09-07,086-xxx-4063,2025-09-07
C01285,เกศ,ชาย,18-24,B03,2026-02-20,083-xxx-2609,2026-02-20
C01286,อัญชลี,หญิง,18-24,B01,2025-12-11,088-xxx-9907,2025-12-11
C01287,ธนา,ชาย,35-44,B05,2026-07-25,083-xxx-2300,2026-07-25
C01288,ธนา,หญิง,ต่ำกว่า 18,B04,2026-08-15,087-xxx-5383,2026-08-15
C01289,กิตติ,ชาย,25-34,B03,2026-04-26,088-xxx-7305,2026-04-26
C01290,เกศ,หญิง,25-34,B04,2025-07-13,089-xxx-1786,2025-07-13
C01291,ปวีณ,หญิง,18-24,B05,2025-10-23,082-xxx-9977,2025-10-23
C01292,ทิพย์,หญิง,35-44,B01,2025-04-01,082-xxx-4265,2025-04-01
C01293,จิรา,หญิง,35-44,B03,2026-03-27,083-xxx-6759,2026-03-27
C01294,วีระ,หญิง,45-54,B01,2026-06-05,089-xxx-6890,2026-06-05
C01295,กมล,ชาย,35-44,B01,2025-12-03,082-xxx-1801,2025-12-03
C01296,วรรณ,ชาย,45-54,B04,2025-05-23,081-xxx-5322,2025-05-23
C01297,สมชาย,หญิง,35-44,B01,2025-04-21,081-xxx-7601,2025-04-21
C01298,มานพ,ชาย,18-24,B01,2025-07-05,089-xxx-8183,2025-07-05
C01299,ปวีณ,ชาย,25-34,B05,2025-06-28,089-xxx-2403,2025-06-28
C01300,ภัทร,ชาย,35-44,B02,2025-09-02,083-xxx-7782,2025-09-02
C01301,ปิยะ,ชาย,35-44,B02,2026-06-04,081-xxx-3763,2026-06-04
C01302,สมชาย,ชาย,18-24,B05,2025-05-04,085-xxx-9877,2025-05-04
C01303,มานพ,ชาย,35-44,B05,2026-09-11,085-xxx-9066,2026-09-11
C01304,กมล,ชาย,55+,B01,2026-01-20,081-xxx-2287,2026-01-20
C01305,พิม,ไม่ระบุ,25-34,B04,2026-07-12,082-xxx-7892,2026-07-12
C01306,ศิริ,ชาย,35-44,B03,2026-08-05,083-xxx-6082,2026-08-05
C01307,ธนา,หญิง,18-24,B05,2025-09-04,088-xxx-7647,2025-09-04
C01308,ภัทร,หญิง,18-24,B05,2025-08-08,081-xxx-8696,2025-08-08
C01309,ปิยะ,ชาย,35-44,B03,2026-05-18,081-xxx-2351,2026-05-18
C01310,ภูมิ,หญิง,18-24,B05,2025-11-28,086-xxx-3177,2025-11-28
C01311,ศิริ,ชาย,25-34,B02,2025-07-14,082-xxx-5421,2025-07-14
C01312,ธีร,ไม่ระบุ,18-24,B02,2026-09-09,087-xxx-5613,2026-09-09
C01313,ชนา,ชาย,25-34,B02,2025-04-19,081-xxx-9088,2025-04-19
C01314,ธนา,หญิง,25-34,B01,2026-09-03,088-xxx-9545,2026-09-03
C01315,จิรา,ชาย,25-34,B03,2026-01-26,081-xxx-8778,2026-01-26
C01316,ภัทร,ชาย,25-34,B04,2025-05-26,088-xxx-4229,2025-05-26
C01317,ภูมิ,หญิง,25-34,B01,2025-11-06,089-xxx-3325,2025-11-06
C01318,ศิริ,ชาย,18-24,B05,2026-04-17,083-xxx-5629,2026-04-17
C01319,นภัส,ชาย,45-54,B01,2025-07-27,088-xxx-4129,2025-07-27
C01320,รัตนา,ชาย,25-34,B01,2026-07-22,082-xxx-9857,2026-07-22
C01321,รัตนา,หญิง,18-24,B01,2025-09-11,084-xxx-8412,2025-09-11
C01322,ธนา,ชาย,25-34,B05,2026-02-19,084-xxx-1800,2026-02-19
C01323,จิรา,หญิง,35-44,B04,2026-01-11,087-xxx-7590,2026-01-11
C01324,วีระ,ชาย,25-34,B01,2026-08-07,088-xxx-8025,2026-08-07
C01325,กมล,ชาย,35-44,B03,2026-05-06,083-xxx-7242,2026-05-06
C01326,กมล,หญิง,18-24,B03,2026-09-08,084-xxx-4633,2026-09-08
C01327,วรรณ,หญิง,55+,B05,2026-07-12,082-xxx-9486,2026-07-12
C01328,กิตติ,ไม่ระบุ,18-24,B01,2026-07-19,081-xxx-1006,2026-07-19
C01329,จิรา,ชาย,25-34,B03,2025-12-16,084-xxx-4808,2025-12-16
C01330,พิม,หญิง,35-44,B03,2026-08-17,081-xxx-7511,2026-08-17
C01331,นภัส,ชาย,25-34,B02,2025-10-16,088-xxx-1692,2025-10-16
C01332,ชนา,ชาย,25-34,B03,2026-06-25,086-xxx-8965,2026-06-25
C01333,จิรา,ชาย,45-54,B05,2026-01-08,083-xxx-6837,2026-01-08
C01334,จิรา,ชาย,18-24,B04,2025-10-21,083-xxx-2892,2025-10-21
C01335,เกศ,หญิง,35-44,B03,2025-11-24,081-xxx-3494,2025-11-24
C01336,ภูมิ,ชาย,18-24,B01,2025-05-14,088-xxx-7674,2025-05-14
C01337,ชนา,หญิง,18-24,B01,2025-07-09,085-xxx-8796,2025-07-09
C01338,จิรา,หญิง,18-24,B03,2026-04-21,085-xxx-9717,2026-04-21
C01339,เกศ,หญิง,35-44,B03,2025-12-28,085-xxx-6092,2025-12-28
C01340,ภัทร,หญิง,18-24,B05,2025-12-27,081-xxx-3940,2025-12-27
C01341,ธีร,หญิง,25-34,B04,2026-01-19,089-xxx-8576,2026-01-19
C01342,มานพ,หญิง,35-44,B02,2025-07-27,084-xxx-2109,2025-07-27
C01343,ภูมิ,หญิง,25-34,B05,2026-04-16,086-xxx-5671,2026-04-16
C01344,กิตติ,หญิง,18-24,B02,2026-05-02,081-xxx-4472,2026-05-02
C01345,ปวีณ,ชาย,18-24,B02,2025-11-12,081-xxx-8313,2025-11-12
C01346,กมล,หญิง,25-34,B01,2026-08-05,089-xxx-3165,2026-08-05
C01347,ภัทร,หญิง,55+,B02,2025-11-21,083-xxx-3541,2025-11-21
C01348,อัญชลี,หญิง,18-24,B01,2025-12-14,089-xxx-6378,2025-12-14
C01349,ธนา,หญิง,25-34,B05,2025-10-30,083-xxx-6925,2025-10-30
C01350,อรุณ,หญิง,18-24,B02,2026-07-11,081-xxx-9271,2026-07-11
C01351,อรุณ,หญิง,18-24,B02,2026-06-26,081-xxx-5407,2026-06-26
C01352,ทิพย์,หญิง,25-34,B03,2026-05-24,083-xxx-5080,2026-05-24
C01353,ภูมิ,หญิง,25-34,B01,2026-02-02,083-xxx-8292,2026-02-02
C01354,ทิพย์,หญิง,18-24,B03,2026-09-13,089-xxx-1643,2026-09-13
C01355,นภัส,หญิง,45-54,B05,2026-01-22,081-xxx-9499,2026-01-22
C01356,วรรณ,ชาย,45-54,B03,2026-05-12,084-xxx-8497,2026-05-12
C01357,ทิพย์,หญิง,18-24,B02,2026-08-03,089-xxx-3286,2026-08-03
C01358,สมชาย,หญิง,35-44,B01,2026-06-14,081-xxx-5348,2026-06-14
C01359,กิตติ,ชาย,18-24,B01,2026-08-05,086-xxx-4365,2026-08-05
C01360,ปวีณ,ชาย,25-34,B01,2025-09-29,083-xxx-8614,2025-09-29
C01361,กมล,ชาย,35-44,B02,2025-10-13,085-xxx-3663,2025-10-13
C01362,วรรณ,ชาย,25-34,B02,2025-06-10,085-xxx-3900,2025-06-10
C01363,นภัส,หญิง,35-44,B04,2026-03-05,087-xxx-4632,2026-03-05
C01364,ศิริ,ชาย,25-34,B05,2025-10-23,084-xxx-6900,2025-10-23
C01365,ภัทร,ชาย,45-54,B02,2025-07-10,085-xxx-2349,2025-07-10
C01366,กิตติ,ชาย,18-24,B03,2026-06-05,085-xxx-1703,2026-06-05
C01367,รัตนา,หญิง,45-54,B01,2025-04-21,081-xxx-6276,2025-04-21
C01368,อัญชลี,หญิง,35-44,B05,2025-11-24,089-xxx-3738,2025-11-24
C01369,นภัส,ชาย,35-44,B02,2025-09-29,083-xxx-7608,2025-09-29
C01370,อรุณ,หญิง,35-44,B01,2026-03-11,081-xxx-4947,2026-03-11
C01371,ภัทร,ชาย,35-44,B01,2025-09-19,086-xxx-3109,2025-09-19
C01372,อัญชลี,ชาย,ต่ำกว่า 18,B04,2025-12-24,083-xxx-4395,2025-12-24
C01373,ภูมิ,หญิง,18-24,B03,2026-08-11,088-xxx-3228,2026-08-11
C01374,อัญชลี,ชาย,25-34,B02,2026-09-11,084-xxx-6310,2026-09-11
C01375,อัญชลี,หญิง,18-24,B03,2026-08-20,084-xxx-7906,2026-08-20
C01376,นภัส,ชาย,25-34,B01,2025-06-17,083-xxx-5339,2025-06-17
C01377,ทิพย์,ชาย,18-24,B05,2025-12-27,082-xxx-8118,2025-12-27
C01378,ชนา,ชาย,25-34,B01,2025-06-10,089-xxx-7456,2025-06-10
C01379,สุดา,หญิง,25-34,B02,2025-05-27,089-xxx-1262,2025-05-27
C01380,จิรา,หญิง,35-44,B05,2025-05-13,081-xxx-1040,2025-05-13
C01381,วรรณ,หญิง,18-24,B01,2026-06-18,082-xxx-9328,2026-06-18
C01382,ปวีณ,ชาย,18-24,B05,2025-10-27,088-xxx-2607,2025-10-27
C01383,ปิยะ,ชาย,18-24,B05,2025-04-02,089-xxx-8360,2025-04-02
C01384,ภูมิ,หญิง,45-54,B02,2026-04-27,089-xxx-7946,2026-04-27
C01385,ณัฐ,หญิง,35-44,B02,2026-06-03,086-xxx-7479,2026-06-03
C01386,เกศ,ชาย,45-54,B01,2026-05-25,085-xxx-8784,2026-05-25
C01387,ภัทร,หญิง,18-24,B02,2026-07-19,084-xxx-6043,2026-07-19
C01388,อรุณ,ชาย,18-24,B02,2025-12-27,084-xxx-2371,2025-12-27
C01389,ภูมิ,ชาย,35-44,B02,2026-05-22,087-xxx-1706,2026-05-22
C01390,ปวีณ,ชาย,18-24,B01,2025-07-07,085-xxx-7375,2025-07-07
C01391,ธีร,หญิง,25-34,B05,2025-12-23,084-xxx-8513,2025-12-23
C01392,สมชาย,ชาย,25-34,B04,2025-05-01,084-xxx-9101,2025-05-01
C01393,วีระ,หญิง,25-34,B01,2026-05-13,084-xxx-5080,2026-05-13
C01394,ศิริ,หญิง,18-24,B04,2025-10-07,082-xxx-3093,2025-10-07
C01395,จิรา,ชาย,55+,B01,2025-06-24,083-xxx-8508,2025-06-24
C01396,นภัส,ชาย,25-34,B01,2026-01-16,082-xxx-1031,2026-01-16
C01397,รัตนา,หญิง,45-54,B04,2026-03-31,083-xxx-7484,2026-03-31
C01398,มานพ,ชาย,25-34,B04,2025-07-08,086-xxx-5881,2025-07-08
C01399,สมชาย,ชาย,18-24,B02,2026-02-07,082-xxx-8222,2026-02-07
C01400,ณัฐ,ชาย,55+,B03,2026-03-19,082-xxx-7094,2026-03-19
C01401,ภัทร,ชาย,35-44,B05,2026-03-07,087-xxx-9476,2026-03-07
C01402,ภูมิ,ชาย,45-54,B03,2026-03-15,085-xxx-3082,2026-03-15
C01403,เกศ,ชาย,35-44,B05,2026-07-27,086-xxx-6216,2026-07-27
C01404,ณัฐ,หญิง,ต่ำกว่า 18,B01,2026-02-16,087-xxx-2185,2026-02-16
C01405,ภัทร,หญิง,55+,B04,2025-05-19,086-xxx-5390,2025-05-19
C01406,ปิยะ,หญิง,18-24,B02,2026-03-20,086-xxx-7127,2026-03-20
C01407,กิตติ,หญิง,18-24,B02,2025-05-01,084-xxx-6836,2025-05-01
C01408,อัญชลี,หญิง,25-34,B04,2025-12-01,081-xxx-7316,2025-12-01
C01409,ภูมิ,หญิง,25-34,B05,2026-07-25,086-xxx-4331,2026-07-25
C01410,ธีร,หญิง,25-34,B02,2025-09-01,082-xxx-6049,2025-09-01
C01411,วรรณ,หญิง,25-34,B01,2025-11-18,086-xxx-9760,2025-11-18
C01412,ทิพย์,ชาย,35-44,B05,2025-11-09,086-xxx-5478,2025-11-09
C01413,รัตนา,หญิง,55+,B01,2026-07-19,089-xxx-3043,2026-07-19
C01414,อัญชลี,หญิง,35-44,B02,2026-01-28,088-xxx-3994,2026-01-28
C01415,ปิยะ,ชาย,45-54,B02,2026-07-12,087-xxx-2067,2026-07-12
C01416,ภูมิ,หญิง,55+,B01,2025-10-30,084-xxx-2500,2025-10-30
C01417,สมชาย,หญิง,25-34,B01,2025-04-19,083-xxx-3977,2025-04-19
C01418,ภัทร,หญิง,18-24,B01,2026-04-03,087-xxx-6007,2026-04-03
C01419,ปิยะ,ชาย,18-24,B01,2025-05-12,088-xxx-5991,2025-05-12
C01420,สุดา,หญิง,18-24,B01,2025-11-15,083-xxx-8071,2025-11-15
C01421,สุดา,หญิง,35-44,B04,2025-10-29,083-xxx-3698,2025-10-29
C01422,นภัส,หญิง,45-54,B03,2026-01-15,085-xxx-1799,2026-01-15
C01423,ปิยะ,ชาย,35-44,B01,2025-05-17,086-xxx-4456,2025-05-17
C01424,วรรณ,ชาย,25-34,B05,2026-02-17,083-xxx-5127,2026-02-17
C01425,ธนา,หญิง,45-54,B05,2026-03-17,084-xxx-2945,2026-03-17
C01426,ธีร,ไม่ระบุ,35-44,B05,2025-11-02,088-xxx-4135,2025-11-02
C01427,ปิยะ,ชาย,25-34,B02,2026-07-21,082-xxx-9720,2026-07-21
C01428,ธีร,ชาย,35-44,B02,2026-08-30,087-xxx-6778,2026-08-30
C01429,นภัส,ชาย,35-44,B04,2026-09-11,084-xxx-9224,2026-09-11
C01430,ภัทร,ชาย,45-54,B04,2025-04-23,089-xxx-5522,2025-04-23
C01431,สุดา,หญิง,35-44,B04,2026-07-23,088-xxx-4233,2026-07-23
C01432,วรรณ,ชาย,25-34,B02,2025-04-05,089-xxx-8387,2025-04-05
C01433,อัญชลี,ชาย,55+,B05,2025-11-11,085-xxx-8215,2025-11-11
C01434,วีระ,หญิง,25-34,B04,2026-02-07,085-xxx-2249,2026-02-07
C01435,นภัส,หญิง,ต่ำกว่า 18,B04,2025-09-23,087-xxx-7275,2025-09-23
C01436,สุดา,หญิง,35-44,B02,2025-12-22,089-xxx-7026,2025-12-22
C01437,เกศ,หญิง,25-34,B01,2026-03-10,082-xxx-2693,2026-03-10
C01438,ธนา,หญิง,25-34,B04,2025-09-17,089-xxx-5633,2025-09-17
C01439,กมล,หญิง,35-44,B01,2026-07-29,083-xxx-4565,2026-07-29
C01440,วรรณ,หญิง,25-34,B02,2025-09-25,087-xxx-7884,2025-09-25
C01441,อรุณ,หญิง,25-34,B01,2026-01-25,083-xxx-2568,2026-01-25
C01442,ปวีณ,หญิง,18-24,B01,2025-05-22,088-xxx-1104,2025-05-22
C01443,มานพ,หญิง,25-34,B05,2026-04-25,084-xxx-3771,2026-04-25
C01444,ภัทร,ชาย,25-34,B05,2025-10-31,083-xxx-2793,2025-10-31
C01445,นภัส,ชาย,ต่ำกว่า 18,B01,2026-07-10,088-xxx-6825,2026-07-10
C01446,มานพ,ชาย,25-34,B01,2025-11-18,084-xxx-6411,2025-11-18
C01447,ปวีณ,ไม่ระบุ,35-44,B02,2025-07-24,082-xxx-5797,2025-07-24
C01448,ธีร,หญิง,45-54,B01,2026-04-02,083-xxx-5469,2026-04-02
C01449,ปิยะ,ชาย,35-44,B02,2025-06-13,081-xxx-2663,2025-06-13
C01450,อรุณ,ชาย,35-44,B01,2026-09-13,088-xxx-9789,2026-09-13
C01451,สุดา,หญิง,25-34,B02,2026-04-28,081-xxx-7400,2026-04-28
C01452,ธนา,ชาย,18-24,B01,2025-05-16,084-xxx-4954,2025-05-16
C01453,อัญชลี,หญิง,25-34,B05,2026-06-18,085-xxx-5366,2026-06-18
C01454,พิม,หญิง,25-34,B01,2025-09-01,088-xxx-6676,2025-09-01
C01455,กมล,หญิง,35-44,B02,2026-09-14,082-xxx-4565,2026-09-14
C01456,กมล,ชาย,25-34,B03,2025-11-19,085-xxx-8443,2025-11-19
C01457,อรุณ,หญิง,35-44,B03,2026-05-02,085-xxx-7093,2026-05-02
C01458,นภัส,ชาย,35-44,B03,2026-03-19,087-xxx-6394,2026-03-19
C01459,กมล,หญิง,25-34,B02,2025-08-04,083-xxx-1473,2025-08-04
C01460,จิรา,หญิง,18-24,B02,2026-09-10,086-xxx-6274,2026-09-10
C01461,ภัทร,หญิง,45-54,B01,2026-08-10,085-xxx-4044,2026-08-10
C01462,สุดา,หญิง,45-54,B04,2025-06-21,084-xxx-1682,2025-06-21
C01463,รัตนา,ชาย,18-24,B04,2026-06-12,082-xxx-4654,2026-06-12
C01464,ปิยะ,หญิง,25-34,B01,2026-07-04,087-xxx-4268,2026-07-04
C01465,รัตนา,ชาย,25-34,B05,2026-07-08,086-xxx-1003,2026-07-08
C01466,กมล,หญิง,18-24,B05,2026-01-21,084-xxx-9785,2026-01-21
C01467,ธีร,หญิง,25-34,B01,2026-05-19,084-xxx-9424,2026-05-19
C01468,วรรณ,หญิง,45-54,B02,2025-06-22,086-xxx-8259,2025-06-22
C01469,กิตติ,ชาย,25-34,B05,2026-02-08,085-xxx-6281,2026-02-08
C01470,ภูมิ,หญิง,35-44,B02,2025-10-06,088-xxx-8339,2025-10-06
C01471,ธนา,ชาย,18-24,B05,2025-07-12,084-xxx-4395,2025-07-12
C01472,กมล,หญิง,55+,B01,2025-06-06,086-xxx-1180,2025-06-06
C01473,พิม,หญิง,45-54,B02,2026-08-30,088-xxx-8531,2026-08-30
C01474,กิตติ,หญิง,25-34,B04,2025-12-26,089-xxx-4901,2025-12-26
C01475,สมชาย,ชาย,45-54,B02,2026-09-01,088-xxx-6389,2026-09-01
C01476,ศิริ,หญิง,45-54,B02,2025-10-19,087-xxx-9714,2025-10-19
C01477,จิรา,ชาย,25-34,B01,2026-01-15,089-xxx-2894,2026-01-15
C01478,รัตนา,ชาย,35-44,B01,2026-07-15,081-xxx-5032,2026-07-15
C01479,ธีร,ชาย,45-54,B04,2025-10-22,084-xxx-5425,2025-10-22
C01480,กมล,หญิง,35-44,B03,2026-04-24,081-xxx-4380,2026-04-24
C01481,รัตนา,หญิง,35-44,B01,2026-08-10,082-xxx-3985,2026-08-10
C01482,กมล,หญิง,25-34,B05,2025-09-20,083-xxx-5083,2025-09-20
C01483,อรุณ,ชาย,25-34,B01,2026-03-05,083-xxx-9544,2026-03-05
C01484,อัญชลี,หญิง,25-34,B04,2025-06-15,081-xxx-8579,2025-06-15
C01485,มานพ,หญิง,25-34,B02,2026-02-01,081-xxx-5299,2026-02-01
C01486,กิตติ,หญิง,25-34,B05,2025-06-11,083-xxx-6977,2025-06-11
C01487,ภัทร,หญิง,18-24,B05,2025-05-05,083-xxx-2054,2025-05-05
C01488,ปวีณ,ชาย,ต่ำกว่า 18,B01,2025-11-06,082-xxx-8467,2025-11-06
C01489,กมล,ชาย,25-34,B05,2025-05-20,087-xxx-7831,2025-05-20
C01490,พิม,หญิง,25-34,B02,2025-09-12,088-xxx-4456,2025-09-12
C01491,สุดา,ชาย,35-44,B01,2026-04-09,084-xxx-3378,2026-04-09
C01492,วรรณ,หญิง,35-44,B01,2026-05-23,085-xxx-3209,2026-05-23
C01493,ศิริ,ชาย,25-34,B02,2026-07-16,081-xxx-3152,2026-07-16
C01494,จิรา,ชาย,25-34,B04,2026-06-03,088-xxx-9683,2026-06-03
C01495,จิรา,หญิง,18-24,B02,2025-04-06,089-xxx-6276,2025-04-06
C01496,กมล,หญิง,18-24,B03,2026-01-18,082-xxx-6619,2026-01-18
C01497,อัญชลี,หญิง,25-34,B01,2026-07-09,081-xxx-7031,2026-07-09
C01498,ธีร,หญิง,45-54,B05,2026-06-21,084-xxx-6164,2026-06-21
C01499,ศิริ,หญิง,25-34,B02,2025-06-27,083-xxx-8602,2025-06-27
C01500,พิม,ชาย,ต่ำกว่า 18,B02,2025-04-26,081-xxx-3398,2025-04-26
C01501,ธนา,หญิง,45-54,B04,2026-05-12,081-xxx-3146,2026-05-12
C01502,สมชาย,ชาย,25-34,B03,2025-12-04,083-xxx-2128,2025-12-04
C01503,จิรา,หญิง,18-24,B02,2026-05-26,088-xxx-6664,2026-05-26
C01504,ธีร,ชาย,35-44,B01,2025-10-10,088-xxx-4866,2025-10-10
C01505,พิม,ชาย,35-44,B03,2026-07-09,087-xxx-6527,2026-07-09
C01506,จิรา,หญิง,18-24,B03,2025-12-02,082-xxx-3407,2025-12-02
C01507,มานพ,ชาย,25-34,B05,2026-05-31,088-xxx-6096,2026-05-31
C01508,ณัฐ,หญิง,35-44,B01,2026-05-09,083-xxx-1290,2026-05-09
C01509,จิรา,ชาย,45-54,B02,2025-11-29,087-xxx-3237,2025-11-29
C01510,มานพ,หญิง,25-34,B03,2026-07-15,082-xxx-4112,2026-07-15
C01511,สุดา,หญิง,25-34,B03,2026-02-25,084-xxx-5577,2026-02-25
C01512,เกศ,ชาย,25-34,B02,2026-09-03,081-xxx-3125,2026-09-03
C01513,กมล,ชาย,25-34,B05,2025-10-06,083-xxx-8246,2025-10-06
C01514,ณัฐ,หญิง,18-24,B01,2026-04-01,087-xxx-6263,2026-04-01
C01515,ธีร,หญิง,18-24,B02,2025-04-15,089-xxx-7149,2025-04-15
C01516,ปวีณ,หญิง,18-24,B04,2025-06-20,086-xxx-1464,2025-06-20
C01517,ธีร,หญิง,35-44,B01,2026-03-12,081-xxx-7779,2026-03-12
C01518,รัตนา,หญิง,45-54,B05,2026-08-06,087-xxx-4191,2026-08-06
C01519,พิม,หญิง,45-54,B02,2026-02-16,084-xxx-7615,2026-02-16
C01520,ชนา,หญิง,25-34,B01,2026-04-15,087-xxx-2207,2026-04-15
C01521,ทิพย์,หญิง,25-34,B01,2025-05-26,081-xxx-3814,2025-05-26
C01522,อัญชลี,หญิง,18-24,B04,2026-03-28,081-xxx-3514,2026-03-28
C01523,ปิยะ,ชาย,55+,B05,2025-07-18,083-xxx-4524,2025-07-18
C01524,วรรณ,ชาย,35-44,B05,2025-09-06,088-xxx-2976,2025-09-06
C01525,ธีร,ชาย,45-54,B05,2025-09-29,085-xxx-2582,2025-09-29
C01526,กมล,ชาย,45-54,B03,2026-02-05,086-xxx-4100,2026-02-05
C01527,สุดา,หญิง,25-34,B02,2025-09-22,084-xxx-9155,2025-09-22
C01528,ปวีณ,ชาย,25-34,B01,2026-02-12,088-xxx-7550,2026-02-12
C01529,ธนา,ชาย,25-34,B02,2026-07-18,085-xxx-8851,2026-07-18
C01530,ศิริ,ชาย,45-54,B03,2026-07-17,088-xxx-9674,2026-07-17
C01531,ภัทร,หญิง,35-44,B01,2025-07-12,085-xxx-7220,2025-07-12
C01532,ภัทร,ชาย,18-24,B01,2025-11-30,085-xxx-7054,2025-11-30
C01533,ภูมิ,ชาย,25-34,B05,2026-04-29,081-xxx-3311,2026-04-29
C01534,ชนา,หญิง,18-24,B02,2025-08-15,084-xxx-5785,2025-08-15
C01535,ธีร,ชาย,18-24,B01,2025-10-24,086-xxx-4050,2025-10-24
C01536,กมล,หญิง,45-54,B01,2025-10-05,087-xxx-7685,2025-10-05
C01537,ทิพย์,หญิง,35-44,B04,2025-12-20,088-xxx-7415,2025-12-20
C01538,วรรณ,หญิง,45-54,B01,2025-08-14,082-xxx-1297,2025-08-14
C01539,สุดา,ชาย,18-24,B03,2025-12-25,089-xxx-6164,2025-12-25
C01540,พิม,หญิง,45-54,B05,2026-07-08,088-xxx-2622,2026-07-08
C01541,ธีร,หญิง,25-34,B05,2026-03-03,082-xxx-1222,2026-03-03
C01542,รัตนา,หญิง,18-24,B04,2026-08-28,089-xxx-5523,2026-08-28
C01543,พิม,หญิง,55+,B05,2025-11-17,082-xxx-4879,2025-11-17
C01544,วีระ,ชาย,18-24,B01,2025-12-01,086-xxx-7367,2025-12-01
C01545,ภัทร,หญิง,ต่ำกว่า 18,B02,2026-04-27,089-xxx-6535,2026-04-27
C01546,ชนา,ชาย,18-24,B04,2026-01-11,084-xxx-1266,2026-01-11
C01547,กิตติ,ชาย,35-44,B05,2025-10-15,083-xxx-2010,2025-10-15
C01548,ธีร,ชาย,35-44,B03,2026-01-08,081-xxx-3904,2026-01-08
C01549,ภัทร,หญิง,45-54,B02,2025-09-14,081-xxx-5316,2025-09-14
C01550,วีระ,หญิง,35-44,B02,2026-01-27,086-xxx-9612,2026-01-27
C01551,ภูมิ,หญิง,55+,B04,2025-09-27,087-xxx-1485,2025-09-27
C01552,วรรณ,หญิง,45-54,B05,2026-01-24,087-xxx-1116,2026-01-24
C01553,เกศ,หญิง,25-34,B01,2026-03-30,089-xxx-7685,2026-03-30
C01554,ภัทร,ชาย,35-44,B05,2025-05-26,089-xxx-9636,2025-05-26
C01555,ปิยะ,หญิง,35-44,B01,2025-12-22,084-xxx-2355,2025-12-22
C01556,ปวีณ,หญิง,18-24,B01,2026-07-31,087-xxx-3245,2026-07-31
C01557,ปิยะ,หญิง,35-44,B02,2025-06-26,086-xxx-2889,2025-06-26
C01558,ธีร,หญิง,25-34,B01,2025-05-24,087-xxx-4644,2025-05-24
C01559,ชนา,ชาย,18-24,B03,2026-08-11,086-xxx-3140,2026-08-11
C01560,ณัฐ,หญิง,25-34,B02,2025-10-28,081-xxx-9063,2025-10-28
C01561,อัญชลี,หญิง,ต่ำกว่า 18,B02,2026-02-02,084-xxx-3970,2026-02-02
C01562,ภัทร,ชาย,25-34,B05,2025-05-02,081-xxx-7536,2025-05-02
C01563,ชนา,หญิง,ต่ำกว่า 18,B02,2025-09-17,089-xxx-7733,2025-09-17
C01564,ปิยะ,ชาย,35-44,B05,2025-06-15,087-xxx-9297,2025-06-15
C01565,จิรา,หญิง,18-24,B02,2026-09-05,087-xxx-2727,2026-09-05
C01566,ภูมิ,ชาย,18-24,B04,2025-12-14,085-xxx-2798,2025-12-14
C01567,ธีร,หญิง,45-54,B01,2026-06-12,086-xxx-3053,2026-06-12
C01568,เกศ,หญิง,25-34,B04,2025-04-17,081-xxx-4615,2025-04-17
C01569,ชนา,ชาย,18-24,B04,2026-08-28,084-xxx-6987,2026-08-28
C01570,อรุณ,หญิง,18-24,B02,2026-08-23,089-xxx-8611,2026-08-23
C01571,ทิพย์,ชาย,25-34,B05,2026-05-13,082-xxx-4182,2026-05-13
C01572,เกศ,ชาย,35-44,B04,2026-04-26,088-xxx-6719,2026-04-26
C01573,วีระ,หญิง,ต่ำกว่า 18,B02,2026-06-03,085-xxx-1669,2026-06-03
C01574,จิรา,หญิง,45-54,B05,2025-04-15,089-xxx-1754,2025-04-15
C01575,ปวีณ,ชาย,18-24,B02,2026-09-11,081-xxx-6387,2026-09-11
C01576,สุดา,หญิง,25-34,B02,2026-05-11,081-xxx-4667,2026-05-11
C01577,ปิยะ,ชาย,18-24,B02,2026-08-10,083-xxx-6474,2026-08-10
C01578,ภูมิ,หญิง,35-44,B05,2026-07-05,088-xxx-6157,2026-07-05
C01579,ชนา,หญิง,45-54,B04,2026-05-14,083-xxx-7777,2026-05-14
C01580,ภูมิ,หญิง,18-24,B03,2025-12-07,083-xxx-8342,2025-12-07
C01581,กมล,ชาย,35-44,B05,2025-04-06,082-xxx-4538,2025-04-06
C01582,ภัทร,ชาย,35-44,B04,2026-04-27,084-xxx-6302,2026-04-27
C01583,วรรณ,ชาย,55+,B02,2026-08-16,081-xxx-9135,2026-08-16
C01584,ธนา,ชาย,25-34,B05,2026-01-20,081-xxx-4184,2026-01-20
C01585,อรุณ,ชาย,25-34,B04,2026-04-16,085-xxx-3169,2026-04-16
C01586,ภัทร,หญิง,18-24,B05,2026-05-01,086-xxx-1846,2026-05-01
C01587,ภัทร,ชาย,18-24,B04,2026-06-23,089-xxx-4837,2026-06-23
C01588,กิตติ,หญิง,18-24,B05,2025-10-02,087-xxx-9549,2025-10-02
C01589,ทิพย์,หญิง,ต่ำกว่า 18,B05,2026-02-03,084-xxx-7481,2026-02-03
C01590,กิตติ,ชาย,25-34,B05,2026-05-06,089-xxx-1810,2026-05-06
C01591,เกศ,หญิง,45-54,B05,2025-12-05,082-xxx-5944,2025-12-05
C01592,รัตนา,หญิง,45-54,B05,2025-09-10,087-xxx-4856,2025-09-10
C01593,กมล,หญิง,18-24,B02,2026-09-01,085-xxx-8533,2026-09-01
C01594,สมชาย,ชาย,25-34,B05,2026-04-18,086-xxx-9858,2026-04-18
C01595,กิตติ,ชาย,45-54,B05,2026-08-16,081-xxx-1339,2026-08-16
C01596,นภัส,ชาย,18-24,B02,2026-03-13,084-xxx-2534,2026-03-13
C01597,รัตนา,ชาย,25-34,B01,2025-11-22,084-xxx-8049,2025-11-22
C01598,ธีร,หญิง,25-34,B01,2025-11-07,084-xxx-3969,2025-11-07
C01599,ภัทร,หญิง,45-54,B02,2026-03-15,086-xxx-4738,2026-03-15
C01600,จิรา,หญิง,35-44,B01,2025-09-28,083-xxx-7110,2025-09-28
C01601,ภัทร,ชาย,35-44,B04,2026-03-30,088-xxx-9635,2026-03-30
C01602,นภัส,หญิง,45-54,B01,2026-01-21,084-xxx-9320,2026-01-21
C01603,สมชาย,หญิง,18-24,B01,2026-06-01,087-xxx-1751,2026-06-01
C01604,กมล,ชาย,18-24,B02,2026-09-13,083-xxx-1816,2026-09-13
C01605,สุดา,หญิง,45-54,B02,2026-03-20,088-xxx-7594,2026-03-20
C01606,ธีร,ชาย,25-34,B01,2025-06-23,081-xxx-7687,2025-06-23
C01607,สมชาย,หญิง,35-44,B02,2026-06-23,087-xxx-8068,2026-06-23
C01608,จิรา,ชาย,25-34,B01,2025-09-05,081-xxx-9450,2025-09-05
C01609,วีระ,หญิง,45-54,B01,2025-11-10,089-xxx-9508,2025-11-10
C01610,กิตติ,ชาย,45-54,B01,2025-07-02,087-xxx-2779,2025-07-02
C01611,วีระ,ชาย,35-44,B04,2025-12-05,089-xxx-8564,2025-12-05
C01612,นภัส,ชาย,25-34,B05,2025-12-13,087-xxx-7186,2025-12-13
C01613,สุดา,หญิง,18-24,B01,2026-05-02,085-xxx-9212,2026-05-02
C01614,ธนา,ไม่ระบุ,45-54,B04,2025-07-20,088-xxx-4837,2025-07-20
C01615,สุดา,ชาย,18-24,B04,2026-04-30,085-xxx-1911,2026-04-30
C01616,นภัส,ชาย,25-34,B03,2026-01-07,087-xxx-7795,2026-01-07
C01617,เกศ,หญิง,25-34,B03,2026-04-18,088-xxx-1515,2026-04-18
C01618,สุดา,ชาย,ต่ำกว่า 18,B04,2026-09-08,088-xxx-7640,2026-09-08
C01619,ชนา,ชาย,18-24,B01,2025-10-28,082-xxx-3694,2025-10-28
C01620,มานพ,ชาย,35-44,B02,2025-05-14,081-xxx-7144,2025-05-14
C01621,ธนา,หญิง,35-44,B03,2026-05-31,088-xxx-9405,2026-05-31
C01622,สุดา,ไม่ระบุ,25-34,B04,2026-03-18,083-xxx-3291,2026-03-18
C01623,ธีร,หญิง,35-44,B01,2026-04-02,085-xxx-8928,2026-04-02
C01624,จิรา,หญิง,18-24,B01,2025-12-11,084-xxx-7205,2025-12-11
C01625,ณัฐ,ไม่ระบุ,ต่ำกว่า 18,B03,2026-02-16,081-xxx-1272,2026-02-16
C01626,ภัทร,ชาย,18-24,B02,2026-08-16,082-xxx-2824,2026-08-16
C01627,ธนา,หญิง,18-24,B05,2026-02-13,085-xxx-4429,2026-02-13
C01628,ทิพย์,ชาย,25-34,B03,2026-07-06,082-xxx-1770,2026-07-06
C01629,ภูมิ,ไม่ระบุ,18-24,B04,2026-02-15,082-xxx-7791,2026-02-15
C01630,อัญชลี,ชาย,55+,B01,2025-07-27,085-xxx-7448,2025-07-27
C01631,อัญชลี,หญิง,18-24,B02,2025-06-15,085-xxx-2102,2025-06-15
C01632,ณัฐ,หญิง,ต่ำกว่า 18,B05,2026-08-26,089-xxx-3952,2026-08-26
C01633,กมล,หญิง,45-54,B05,2025-08-05,081-xxx-9642,2025-08-05
C01634,กิตติ,หญิง,18-24,B05,2025-09-26,087-xxx-7518,2025-09-26
C01635,ธีร,หญิง,18-24,B01,2026-04-28,081-xxx-8023,2026-04-28
C01636,ชนา,หญิง,ต่ำกว่า 18,B05,2025-04-09,089-xxx-8972,2025-04-09
C01637,นภัส,ชาย,35-44,B02,2026-08-11,081-xxx-7786,2026-08-11
C01638,ภูมิ,หญิง,25-34,B01,2026-03-11,085-xxx-4243,2026-03-11
C01639,ทิพย์,หญิง,18-24,B02,2026-02-04,087-xxx-2429,2026-02-04
C01640,ชนา,ชาย,35-44,B04,2026-06-29,087-xxx-8811,2026-06-29
C01641,ธนา,หญิง,35-44,B02,2025-08-07,083-xxx-5803,2025-08-07
C01642,อรุณ,หญิง,25-34,B03,2026-09-13,082-xxx-6059,2026-09-13
C01643,อรุณ,ชาย,18-24,B05,2026-08-11,083-xxx-9131,2026-08-11
C01644,ณัฐ,หญิง,25-34,B01,2025-04-22,084-xxx-1203,2025-04-22
C01645,พิม,หญิง,35-44,B03,2026-01-26,089-xxx-6442,2026-01-26
C01646,วรรณ,ชาย,35-44,B01,2026-07-27,084-xxx-4145,2026-07-27
C01647,ปวีณ,หญิง,25-34,B04,2025-08-20,086-xxx-9481,2025-08-20
C01648,ณัฐ,ชาย,18-24,B02,2025-07-07,083-xxx-4687,2025-07-07
C01649,ทิพย์,หญิง,25-34,B05,2025-12-30,089-xxx-7387,2025-12-30
C01650,สุดา,ไม่ระบุ,35-44,B03,2026-07-05,082-xxx-8763,2026-07-05
C01651,ภัทร,หญิง,35-44,B03,2025-12-27,082-xxx-2536,2025-12-27
C01652,อัญชลี,ไม่ระบุ,45-54,B05,2026-02-14,085-xxx-2390,2026-02-14
C01653,จิรา,ชาย,25-34,B04,2025-10-21,082-xxx-8408,2025-10-21
C01654,กมล,ไม่ระบุ,45-54,B01,2025-12-23,089-xxx-3909,2025-12-23
C01655,สมชาย,หญิง,45-54,B05,2026-07-20,083-xxx-2786,2026-07-20
C01656,ภัทร,หญิง,55+,B02,2025-06-20,088-xxx-5136,2025-06-20
C01657,อัญชลี,หญิง,18-24,B03,2026-08-01,081-xxx-1630,2026-08-01
C01658,ปิยะ,ไม่ระบุ,25-34,B01,2025-09-15,085-xxx-5988,2025-09-15
C01659,รัตนา,หญิง,35-44,B02,2026-01-21,081-xxx-4963,2026-01-21
C01660,ภัทร,หญิง,35-44,B01,2025-06-14,084-xxx-3170,2025-06-14
C01661,ณัฐ,หญิง,25-34,B04,2026-07-21,087-xxx-3481,2026-07-21
C01662,ภูมิ,ชาย,18-24,B05,2026-09-02,082-xxx-3844,2026-09-02
C01663,ศิริ,หญิง,45-54,B05,2025-12-30,085-xxx-7006,2025-12-30
C01664,กมล,หญิง,25-34,B01,2025-06-16,089-xxx-5470,2025-06-16
C01665,ธีร,หญิง,18-24,B03,2025-12-02,088-xxx-3192,2025-12-02
C01666,วรรณ,ชาย,18-24,B03,2026-03-18,087-xxx-2665,2026-03-18
C01667,กมล,หญิง,25-34,B01,2025-04-05,082-xxx-9417,2025-04-05
C01668,ทิพย์,หญิง,18-24,B04,2025-04-21,088-xxx-3038,2025-04-21
C01669,พิม,หญิง,35-44,B05,2025-04-10,087-xxx-8915,2025-04-10
C01670,กมล,หญิง,18-24,B01,2026-02-07,081-xxx-1016,2026-02-07
C01671,พิม,หญิง,18-24,B04,2025-06-16,088-xxx-3107,2025-06-16
C01672,วีระ,ชาย,25-34,B02,2026-07-04,083-xxx-7925,2026-07-04
C01673,เกศ,ชาย,25-34,B02,2025-07-21,082-xxx-5671,2025-07-21
C01674,เกศ,หญิง,25-34,B05,2026-04-26,085-xxx-2095,2026-04-26
C01675,นภัส,ชาย,25-34,B02,2025-07-16,081-xxx-6017,2025-07-16
C01676,ณัฐ,หญิง,35-44,B03,2025-12-11,084-xxx-4159,2025-12-11
C01677,ศิริ,หญิง,18-24,B04,2026-02-20,081-xxx-1453,2026-02-20
C01678,จิรา,ชาย,18-24,B05,2025-08-24,089-xxx-8633,2025-08-24
C01679,อัญชลี,หญิง,55+,B02,2026-04-28,085-xxx-7147,2026-04-28
C01680,เกศ,หญิง,35-44,B05,2026-06-14,081-xxx-1126,2026-06-14
C01681,ธนา,ชาย,18-24,B01,2026-02-15,081-xxx-2255,2026-02-15
C01682,ภูมิ,หญิง,25-34,B05,2026-07-13,088-xxx-9918,2026-07-13
C01683,ธีร,ไม่ระบุ,25-34,B03,2025-12-21,087-xxx-9868,2025-12-21
C01684,สุดา,หญิง,35-44,B01,2026-01-13,088-xxx-2262,2026-01-13
C01685,อัญชลี,หญิง,ต่ำกว่า 18,B05,2026-01-31,086-xxx-6312,2026-01-31
C01686,สมชาย,หญิง,45-54,B05,2025-04-08,086-xxx-5070,2025-04-08
C01687,จิรา,ชาย,18-24,B04,2025-05-04,082-xxx-4554,2025-05-04
C01688,อรุณ,ชาย,18-24,B04,2026-05-08,089-xxx-2371,2026-05-08
C01689,ณัฐ,หญิง,25-34,B04,2026-05-12,088-xxx-4079,2026-05-12
C01690,ธีร,หญิง,35-44,B01,2025-04-18,086-xxx-7152,2025-04-18
C01691,ภูมิ,หญิง,25-34,B05,2025-04-17,087-xxx-1215,2025-04-17
C01692,ศิริ,หญิง,25-34,B01,2025-05-09,086-xxx-5669,2025-05-09
C01693,ชนา,หญิง,35-44,B01,2026-02-22,081-xxx-1879,2026-02-22
C01694,รัตนา,หญิง,35-44,B01,2026-04-05,087-xxx-9809,2026-04-05
C01695,อัญชลี,ชาย,25-34,B05,2026-02-28,088-xxx-4993,2026-02-28
C01696,ปวีณ,หญิง,35-44,B01,2026-01-18,082-xxx-4401,2026-01-18
C01697,ภัทร,ชาย,35-44,B02,2025-12-06,088-xxx-4768,2025-12-06
C01698,นภัส,หญิง,35-44,B02,2025-07-20,089-xxx-1264,2025-07-20
C01699,ทิพย์,หญิง,18-24,B03,2026-06-18,083-xxx-8403,2026-06-18
C01700,ณัฐ,ชาย,45-54,B05,2025-09-25,083-xxx-4446,2025-09-25
C01701,พิม,หญิง,35-44,B04,2026-09-05,082-xxx-5138,2026-09-05
C01702,จิรา,หญิง,ต่ำกว่า 18,B05,2026-04-01,081-xxx-3870,2026-04-01
C01703,วีระ,หญิง,35-44,B05,2026-08-27,084-xxx-8727,2026-08-27
C01704,ธีร,หญิง,35-44,B01,2026-07-18,088-xxx-8247,2026-07-18
C01705,มานพ,ชาย,35-44,B05,2026-03-09,088-xxx-5206,2026-03-09
C01706,จิรา,หญิง,18-24,B02,2026-02-09,085-xxx-7812,2026-02-09
C01707,รัตนา,ชาย,18-24,B03,2026-09-07,088-xxx-9840,2026-09-07
C01708,รัตนา,หญิง,35-44,B01,2025-09-05,084-xxx-3486,2025-09-05
C01709,ศิริ,ชาย,25-34,B02,2025-04-25,081-xxx-4252,2025-04-25
C01710,ธนา,ชาย,25-34,B05,2025-12-16,084-xxx-6906,2025-12-16
C01711,ภูมิ,หญิง,55+,B02,2025-08-15,089-xxx-4572,2025-08-15
C01712,กมล,หญิง,25-34,B03,2026-08-21,089-xxx-9112,2026-08-21
C01713,ศิริ,หญิง,18-24,B05,2026-01-04,082-xxx-5590,2026-01-04
C01714,ธีร,หญิง,18-24,B05,2026-09-05,082-xxx-1515,2026-09-05
C01715,อรุณ,ชาย,55+,B01,2025-05-27,087-xxx-9429,2025-05-27
C01716,ชนา,ไม่ระบุ,ต่ำกว่า 18,B02,2026-04-18,082-xxx-3039,2026-04-18
C01717,เกศ,ชาย,45-54,B01,2026-09-07,081-xxx-1981,2026-09-07
C01718,จิรา,หญิง,18-24,B01,2026-06-09,084-xxx-6742,2026-06-09
C01719,ปิยะ,หญิง,35-44,B01,2025-10-16,083-xxx-9378,2025-10-16
C01720,ภัทร,หญิง,25-34,B05,2025-10-31,085-xxx-2047,2025-10-31
C01721,ศิริ,ชาย,25-34,B04,2026-01-24,081-xxx-7952,2026-01-24
C01722,อรุณ,ชาย,18-24,B02,2025-11-10,082-xxx-2372,2025-11-10
C01723,กิตติ,ชาย,25-34,B01,2026-01-11,083-xxx-5546,2026-01-11
C01724,ปวีณ,หญิง,35-44,B02,2026-06-07,081-xxx-2516,2026-06-07
C01725,ทิพย์,หญิง,25-34,B02,2025-11-12,089-xxx-6211,2025-11-12
C01726,ภูมิ,ชาย,18-24,B02,2025-08-17,086-xxx-9763,2025-08-17
C01727,ธนา,หญิง,35-44,B01,2025-12-28,082-xxx-5056,2025-12-28
C01728,กมล,หญิง,18-24,B05,2025-10-04,083-xxx-2017,2025-10-04
C01729,อรุณ,หญิง,35-44,B01,2026-05-27,083-xxx-8491,2026-05-27
C01730,จิรา,ชาย,25-34,B01,2026-01-03,083-xxx-2247,2026-01-03
C01731,นภัส,หญิง,25-34,B04,2025-04-10,086-xxx-1133,2025-04-10
C01732,พิม,หญิง,ต่ำกว่า 18,B01,2025-10-21,082-xxx-5432,2025-10-21
C01733,สุดา,หญิง,25-34,B01,2026-05-25,082-xxx-2003,2026-05-25
C01734,นภัส,ชาย,18-24,B01,2026-07-24,085-xxx-7873,2026-07-24
C01735,พิม,หญิง,ต่ำกว่า 18,B03,2026-08-06,089-xxx-5860,2026-08-06
C01736,ธนา,ชาย,25-34,B01,2026-08-19,084-xxx-2325,2026-08-19
C01737,สุดา,หญิง,ต่ำกว่า 18,B03,2026-07-11,087-xxx-9772,2026-07-11
C01738,วีระ,หญิง,18-24,B03,2026-06-05,082-xxx-8697,2026-06-05
C01739,สมชาย,หญิง,18-24,B02,2026-01-21,088-xxx-3111,2026-01-21
C01740,พิม,หญิง,35-44,B01,2026-08-30,081-xxx-9879,2026-08-30
C01741,ชนา,ไม่ระบุ,18-24,B02,2026-05-21,083-xxx-2065,2026-05-21
C01742,อัญชลี,ชาย,35-44,B04,2025-12-17,086-xxx-2291,2025-12-17
C01743,วรรณ,ชาย,25-34,B05,2025-04-29,081-xxx-2249,2025-04-29
C01744,อรุณ,ชาย,25-34,B01,2026-04-05,084-xxx-7651,2026-04-05
C01745,กิตติ,หญิง,35-44,B04,2026-08-17,088-xxx-1693,2026-08-17
C01746,ชนา,ชาย,18-24,B04,2026-06-26,083-xxx-7165,2026-06-26
C01747,พิม,ชาย,25-34,B05,2025-12-12,085-xxx-6837,2025-12-12
C01748,ภูมิ,ชาย,18-24,B04,2026-08-29,082-xxx-9072,2026-08-29
C01749,อัญชลี,ชาย,25-34,B03,2025-12-06,088-xxx-6511,2025-12-06
C01750,อัญชลี,หญิง,45-54,B02,2026-06-20,081-xxx-8326,2026-06-20
C01751,กมล,หญิง,35-44,B02,2026-02-24,081-xxx-2126,2026-02-24
C01752,อัญชลี,ชาย,18-24,B05,2026-02-20,082-xxx-2689,2026-02-20
C01753,พิม,หญิง,25-34,B01,2025-10-20,087-xxx-7592,2025-10-20
C01754,ทิพย์,ชาย,35-44,B05,2026-08-18,088-xxx-1058,2026-08-18
C01755,วรรณ,หญิง,25-34,B03,2026-03-02,081-xxx-9209,2026-03-02
C01756,จิรา,หญิง,35-44,B02,2026-08-29,087-xxx-8563,2026-08-29
C01757,อัญชลี,ชาย,18-24,B05,2026-08-17,084-xxx-8385,2026-08-17
C01758,สุดา,หญิง,25-34,B05,2026-01-08,086-xxx-7127,2026-01-08
C01759,ศิริ,หญิง,18-24,B01,2025-09-27,088-xxx-6767,2025-09-27
C01760,ปวีณ,หญิง,25-34,B03,2026-02-08,087-xxx-2029,2026-02-08
C01761,ศิริ,หญิง,18-24,B01,2026-06-07,089-xxx-1139,2026-06-07
C01762,อรุณ,ชาย,25-34,B05,2026-03-21,082-xxx-4420,2026-03-21
C01763,อัญชลี,ชาย,25-34,B02,2026-02-13,081-xxx-2887,2026-02-13
C01764,ชนา,หญิง,55+,B05,2025-09-22,082-xxx-2047,2025-09-22
C01765,สมชาย,หญิง,45-54,B03,2026-06-20,086-xxx-6395,2026-06-20
C01766,กมล,ชาย,25-34,B03,2025-12-30,084-xxx-8035,2025-12-30
C01767,นภัส,หญิง,18-24,B04,2026-07-16,083-xxx-3833,2026-07-16
C01768,ชนา,หญิง,25-34,B01,2026-04-04,082-xxx-7231,2026-04-04
C01769,วีระ,หญิง,35-44,B05,2025-10-22,083-xxx-8520,2025-10-22
C01770,รัตนา,ชาย,35-44,B02,2025-11-11,082-xxx-8593,2025-11-11
C01771,มานพ,หญิง,25-34,B02,2026-02-24,082-xxx-1957,2026-02-24
C01772,สุดา,หญิง,25-34,B05,2026-07-29,086-xxx-7441,2026-07-29
C01773,อรุณ,หญิง,55+,B02,2026-01-29,082-xxx-9132,2026-01-29
C01774,อรุณ,หญิง,18-24,B04,2026-09-06,084-xxx-1951,2026-09-06
C01775,ปวีณ,ชาย,35-44,B05,2025-12-18,081-xxx-1975,2025-12-18
C01776,สุดา,หญิง,18-24,B03,2026-01-04,087-xxx-5842,2026-01-04
C01777,มานพ,ชาย,25-34,B01,2025-12-29,089-xxx-8005,2025-12-29
C01778,พิม,ไม่ระบุ,45-54,B02,2025-09-22,081-xxx-9410,2025-09-22
C01779,รัตนา,ชาย,45-54,B04,2025-08-09,087-xxx-9420,2025-08-09
C01780,ภัทร,หญิง,18-24,B04,2025-10-11,082-xxx-1558,2025-10-11
C01781,ศิริ,หญิง,45-54,B01,2025-04-27,083-xxx-1869,2025-04-27
C01782,ภัทร,หญิง,25-34,B02,2025-10-18,081-xxx-9799,2025-10-18
C01783,ภูมิ,หญิง,18-24,B02,2026-02-18,089-xxx-7040,2026-02-18
C01784,อัญชลี,หญิง,18-24,B02,2026-01-11,082-xxx-2023,2026-01-11
C01785,ณัฐ,หญิง,25-34,B02,2026-04-10,088-xxx-1445,2026-04-10
C01786,อัญชลี,ชาย,18-24,B05,2026-09-06,081-xxx-9139,2026-09-06
C01787,สุดา,ชาย,18-24,B02,2026-04-05,084-xxx-5263,2026-04-05
C01788,วรรณ,ชาย,45-54,B02,2025-11-12,081-xxx-3166,2025-11-12
C01789,เกศ,หญิง,18-24,B01,2025-11-11,085-xxx-4727,2025-11-11
C01790,ชนา,หญิง,45-54,B03,2026-01-08,082-xxx-8047,2026-01-08
C01791,มานพ,ชาย,25-34,B05,2026-02-22,087-xxx-5087,2026-02-22
C01792,รัตนา,หญิง,18-24,B02,2025-08-07,083-xxx-6646,2025-08-07
C01793,ณัฐ,หญิง,45-54,B01,2025-05-18,087-xxx-3972,2025-05-18
C01794,ภูมิ,ชาย,18-24,B04,2026-04-10,085-xxx-6127,2026-04-10
C01795,ศิริ,ไม่ระบุ,18-24,B01,2025-06-05,082-xxx-6128,2025-06-05
C01796,ชนา,ชาย,55+,B02,2025-05-05,082-xxx-9604,2025-05-05
C01797,จิรา,ชาย,25-34,B01,2025-12-11,088-xxx-1045,2025-12-11
C01798,นภัส,ชาย,35-44,B02,2026-06-03,087-xxx-1544,2026-06-03
C01799,ทิพย์,หญิง,35-44,B01,2025-11-07,081-xxx-5915,2025-11-07
C01800,กมล,ชาย,35-44,B05,2026-04-23,088-xxx-7596,2026-04-23
C01801,อรุณ,ชาย,25-34,B02,2026-02-16,085-xxx-9047,2026-02-16
C01802,ภูมิ,หญิง,18-24,B04,2025-07-14,083-xxx-8910,2025-07-14
C01803,กมล,ไม่ระบุ,25-34,B02,2025-12-12,089-xxx-7445,2025-12-12
C01804,ชนา,ชาย,25-34,B02,2025-10-10,088-xxx-5123,2025-10-10
C01805,สมชาย,หญิง,35-44,B04,2025-12-06,086-xxx-3828,2025-12-06
C01806,ธีร,หญิง,25-34,B03,2026-01-21,089-xxx-4235,2026-01-21
C01807,พิม,หญิง,25-34,B01,2026-07-15,087-xxx-4213,2026-07-15
C01808,มานพ,หญิง,55+,B04,2026-05-18,084-xxx-3890,2026-05-18
C01809,กิตติ,หญิง,25-34,B01,2025-10-24,082-xxx-1984,2025-10-24
C01810,ภูมิ,หญิง,18-24,B02,2026-01-21,086-xxx-5717,2026-01-21
C01811,ภูมิ,ชาย,55+,B05,2026-01-20,089-xxx-2281,2026-01-20
C01812,ศิริ,ชาย,35-44,B02,2026-08-26,084-xxx-1234,2026-08-26
C01813,ทิพย์,ไม่ระบุ,35-44,B05,2026-04-02,081-xxx-1621,2026-04-02
C01814,ณัฐ,ชาย,18-24,B01,2026-03-01,085-xxx-9288,2026-03-01
C01815,พิม,หญิง,35-44,B04,2026-06-27,088-xxx-8637,2026-06-27
C01816,ภูมิ,ชาย,25-34,B02,2025-06-12,081-xxx-9010,2025-06-12
C01817,ธีร,หญิง,25-34,B05,2025-06-04,087-xxx-5284,2025-06-04
C01818,พิม,ไม่ระบุ,25-34,B05,2025-07-20,084-xxx-1186,2025-07-20
C01819,อรุณ,หญิง,18-24,B01,2025-04-24,088-xxx-2883,2025-04-24
C01820,รัตนา,หญิง,25-34,B01,2025-09-12,083-xxx-6391,2025-09-12
C01821,อรุณ,ชาย,25-34,B03,2025-12-31,087-xxx-6227,2025-12-31
C01822,อัญชลี,หญิง,18-24,B02,2026-01-29,085-xxx-2325,2026-01-29
C01823,ธนา,หญิง,45-54,B02,2026-02-16,085-xxx-2555,2026-02-16
C01824,ธนา,หญิง,35-44,B03,2026-08-14,084-xxx-2473,2026-08-14
C01825,กิตติ,หญิง,ต่ำกว่า 18,B03,2026-03-08,089-xxx-7376,2026-03-08
C01826,อรุณ,ชาย,18-24,B02,2026-03-17,089-xxx-4016,2026-03-17
C01827,ธนา,ชาย,55+,B02,2026-01-30,085-xxx-2257,2026-01-30
C01828,รัตนา,หญิง,18-24,B02,2026-07-31,081-xxx-8586,2026-07-31
C01829,กิตติ,หญิง,35-44,B05,2026-06-02,087-xxx-5119,2026-06-02
C01830,กมล,หญิง,25-34,B05,2025-07-13,086-xxx-2042,2025-07-13
C01831,ชนา,หญิง,45-54,B02,2025-11-14,086-xxx-9991,2025-11-14
C01832,มานพ,ชาย,25-34,B04,2025-08-30,082-xxx-8849,2025-08-30
C01833,ปิยะ,หญิง,18-24,B03,2026-02-26,089-xxx-9990,2026-02-26
C01834,ธีร,หญิง,25-34,B03,2026-05-11,083-xxx-2884,2026-05-11
C01835,สมชาย,หญิง,35-44,B03,2025-11-08,086-xxx-7696,2025-11-08
C01836,กิตติ,หญิง,18-24,B02,2025-06-08,089-xxx-9653,2025-06-08
C01837,อัญชลี,หญิง,18-24,B02,2026-07-28,084-xxx-7032,2026-07-28
C01838,เกศ,หญิง,18-24,B03,2026-05-24,085-xxx-1017,2026-05-24
C01839,ภัทร,ชาย,45-54,B01,2026-04-02,083-xxx-1675,2026-04-02
C01840,วรรณ,หญิง,25-34,B02,2026-07-17,086-xxx-4206,2026-07-17
C01841,ณัฐ,หญิง,ต่ำกว่า 18,B02,2026-05-01,087-xxx-8263,2026-05-01
C01842,สุดา,หญิง,45-54,B03,2026-07-22,081-xxx-2702,2026-07-22
C01843,สมชาย,ชาย,55+,B04,2025-05-13,086-xxx-2404,2025-05-13
C01844,วีระ,หญิง,35-44,B03,2026-06-08,089-xxx-6285,2026-06-08
C01845,ทิพย์,ชาย,18-24,B05,2026-07-30,082-xxx-8261,2026-07-30
C01846,มานพ,ชาย,25-34,B02,2026-04-10,086-xxx-8480,2026-04-10
C01847,สมชาย,หญิง,45-54,B04,2025-10-20,084-xxx-9678,2025-10-20
C01848,มานพ,หญิง,35-44,B01,2025-12-01,088-xxx-2114,2025-12-01
C01849,ทิพย์,ชาย,45-54,B05,2026-07-03,088-xxx-1891,2026-07-03
C01850,ธีร,ชาย,25-34,B05,2025-04-21,082-xxx-1777,2025-04-21
C01851,ณัฐ,ชาย,55+,B01,2025-08-27,088-xxx-1525,2025-08-27
C01852,รัตนา,หญิง,18-24,B05,2026-06-05,087-xxx-9599,2026-06-05
C01853,รัตนา,ชาย,25-34,B05,2026-08-29,085-xxx-3192,2026-08-29
C01854,กิตติ,หญิง,45-54,B05,2025-11-25,082-xxx-5840,2025-11-25
C01855,สุดา,หญิง,35-44,B02,2025-07-25,081-xxx-6719,2025-07-25
C01856,อรุณ,ชาย,25-34,B01,2025-12-10,081-xxx-9080,2025-12-10
C01857,อัญชลี,หญิง,25-34,B02,2025-09-20,089-xxx-1673,2025-09-20
C01858,ชนา,ชาย,25-34,B03,2026-03-21,087-xxx-8298,2026-03-21
C01859,อัญชลี,หญิง,25-34,B01,2026-05-31,083-xxx-3006,2026-05-31
C01860,รัตนา,หญิง,18-24,B02,2025-12-27,084-xxx-7196,2025-12-27
C01861,ปิยะ,หญิง,25-34,B01,2025-10-07,086-xxx-8371,2025-10-07
C01862,สุดา,หญิง,35-44,B02,2026-03-11,088-xxx-6424,2026-03-11
C01863,นภัส,หญิง,35-44,B02,2026-04-16,088-xxx-8060,2026-04-16
C01864,อัญชลี,หญิง,18-24,B01,2025-12-18,082-xxx-3513,2025-12-18
C01865,พิม,ชาย,25-34,B01,2026-03-01,083-xxx-7237,2026-03-01
C01866,รัตนา,ชาย,25-34,B02,2025-11-21,087-xxx-8126,2025-11-21
C01867,รัตนา,ชาย,35-44,B01,2026-09-14,081-xxx-6850,2026-09-14
C01868,ธนา,หญิง,25-34,B05,2026-01-08,087-xxx-1353,2026-01-08
C01869,ธีร,หญิง,45-54,B05,2026-02-06,085-xxx-3525,2026-02-06
C01870,จิรา,ชาย,25-34,B04,2025-10-20,087-xxx-6412,2025-10-20
C01871,สมชาย,ไม่ระบุ,25-34,B02,2026-02-28,085-xxx-1984,2026-02-28
C01872,ณัฐ,ชาย,ต่ำกว่า 18,B04,2026-05-27,083-xxx-5711,2026-05-27
C01873,รัตนา,หญิง,35-44,B04,2026-09-14,087-xxx-1922,2026-09-14
C01874,ภัทร,ชาย,25-34,B04,2026-06-13,088-xxx-1807,2026-06-13
C01875,ณัฐ,หญิง,18-24,B04,2026-09-11,088-xxx-6121,2026-09-11
C01876,มานพ,หญิง,18-24,B02,2025-05-26,086-xxx-6146,2025-05-26
C01877,ศิริ,หญิง,35-44,B04,2026-08-14,084-xxx-6996,2026-08-14
C01878,สมชาย,ชาย,25-34,B03,2026-05-15,085-xxx-7143,2026-05-15
C01879,มานพ,หญิง,45-54,B02,2025-06-25,087-xxx-7397,2025-06-25
C01880,นภัส,ชาย,18-24,B04,2025-07-05,087-xxx-5971,2025-07-05
C01881,กมล,หญิง,45-54,B01,2026-07-01,085-xxx-2859,2026-07-01
C01882,ทิพย์,หญิง,18-24,B05,2025-06-24,088-xxx-6171,2025-06-24
C01883,รัตนา,ชาย,35-44,B04,2025-08-01,089-xxx-5548,2025-08-01
C01884,สุดา,หญิง,18-24,B03,2026-02-04,089-xxx-4844,2026-02-04
C01885,กมล,หญิง,35-44,B02,2026-05-06,086-xxx-2978,2026-05-06
C01886,ชนา,ชาย,25-34,B01,2025-11-01,081-xxx-3049,2025-11-01
C01887,กมล,ชาย,18-24,B05,2025-07-31,084-xxx-4849,2025-07-31
C01888,วรรณ,หญิง,45-54,B02,2025-04-15,082-xxx-8178,2025-04-15
C01889,ธีร,หญิง,25-34,B02,2025-07-18,082-xxx-4303,2025-07-18
C01890,วรรณ,ชาย,55+,B03,2026-01-15,085-xxx-6757,2026-01-15
C01891,รัตนา,ชาย,18-24,B03,2026-07-01,089-xxx-1905,2026-07-01
C01892,อรุณ,หญิง,18-24,B01,2025-05-15,082-xxx-9690,2025-05-15
C01893,ชนา,ชาย,35-44,B02,2026-07-20,082-xxx-1687,2026-07-20
C01894,อรุณ,หญิง,25-34,B05,2025-06-20,089-xxx-8510,2025-06-20
C01895,จิรา,ชาย,25-34,B04,2025-10-11,089-xxx-1023,2025-10-11
C01896,สมชาย,ชาย,18-24,B05,2025-09-26,089-xxx-6888,2025-09-26
C01897,ธนา,หญิง,35-44,B03,2026-07-26,085-xxx-2908,2026-07-26
C01898,กมล,หญิง,25-34,B03,2026-04-21,088-xxx-3648,2026-04-21
C01899,ณัฐ,ชาย,25-34,B02,2025-12-23,088-xxx-7057,2025-12-23
C01900,เกศ,ชาย,35-44,B05,2026-07-13,085-xxx-7374,2026-07-13
C01901,ปิยะ,ชาย,55+,B02,2025-10-15,082-xxx-3574,2025-10-15
C01902,มานพ,ชาย,18-24,B05,2026-07-08,085-xxx-1150,2026-07-08
C01903,สุดา,ชาย,18-24,B04,2025-08-24,087-xxx-2942,2025-08-24
C01904,ปวีณ,หญิง,45-54,B02,2026-09-05,083-xxx-4911,2026-09-05
C01905,นภัส,ชาย,25-34,B01,2026-03-25,081-xxx-4977,2026-03-25
C01906,รัตนา,ชาย,35-44,B02,2026-06-18,086-xxx-4552,2026-06-18
C01907,ศิริ,หญิง,25-34,B03,2026-03-31,081-xxx-6451,2026-03-31
C01908,อรุณ,ชาย,25-34,B04,2025-04-19,087-xxx-7729,2025-04-19
C01909,ทิพย์,หญิง,35-44,B01,2025-11-22,083-xxx-6607,2025-11-22
C01910,ภัทร,หญิง,35-44,B05,2026-08-09,085-xxx-6304,2026-08-09
C01911,ภูมิ,หญิง,35-44,B02,2025-05-26,081-xxx-2720,2025-05-26
C01912,ปวีณ,หญิง,25-34,B04,2025-10-31,081-xxx-2643,2025-10-31
C01913,ภูมิ,ชาย,18-24,B01,2026-08-23,085-xxx-5568,2026-08-23
C01914,ธีร,ชาย,25-34,B01,2026-07-13,089-xxx-1834,2026-07-13
C01915,ภูมิ,หญิง,35-44,B02,2025-08-11,087-xxx-7525,2025-08-11
C01916,ธีร,ชาย,45-54,B01,2026-07-13,083-xxx-4862,2026-07-13
C01917,ธีร,หญิง,18-24,B05,2025-09-11,089-xxx-7490,2025-09-11
C01918,อัญชลี,หญิง,35-44,B03,2025-11-06,087-xxx-4095,2025-11-06
C01919,ธีร,หญิง,18-24,B05,2025-06-02,082-xxx-9472,2025-06-02
C01920,อรุณ,หญิง,25-34,B04,2025-12-26,083-xxx-9996,2025-12-26
C01921,พิม,ชาย,25-34,B02,2026-01-02,086-xxx-4069,2026-01-02
C01922,นภัส,ชาย,45-54,B02,2026-07-22,083-xxx-8568,2026-07-22
C01923,นภัส,หญิง,18-24,B03,2026-07-05,088-xxx-3734,2026-07-05
C01924,สุดา,หญิง,18-24,B05,2026-03-25,082-xxx-7962,2026-03-25
C01925,อรุณ,ชาย,25-34,B04,2026-07-22,085-xxx-7316,2026-07-22
C01926,ภัทร,หญิง,18-24,B05,2025-12-23,085-xxx-2428,2025-12-23
C01927,อัญชลี,ชาย,35-44,B02,2025-08-12,085-xxx-7483,2025-08-12
C01928,เกศ,หญิง,45-54,B04,2025-05-01,087-xxx-7516,2025-05-01
C01929,ภัทร,ชาย,35-44,B01,2026-03-10,081-xxx-4845,2026-03-10
C01930,วีระ,หญิง,45-54,B02,2026-04-22,087-xxx-7520,2026-04-22
C01931,ทิพย์,หญิง,18-24,B01,2025-08-14,085-xxx-9873,2025-08-14
C01932,มานพ,หญิง,25-34,B02,2025-08-06,081-xxx-1467,2025-08-06
C01933,ชนา,ชาย,18-24,B02,2026-01-25,083-xxx-7182,2026-01-25
C01934,กิตติ,ชาย,35-44,B02,2026-07-24,088-xxx-2171,2026-07-24
C01935,ทิพย์,หญิง,18-24,B01,2025-05-13,082-xxx-2398,2025-05-13
C01936,วรรณ,หญิง,18-24,B03,2026-03-19,084-xxx-6835,2026-03-19
C01937,เกศ,หญิง,25-34,B03,2026-09-03,089-xxx-1299,2026-09-03
C01938,เกศ,หญิง,35-44,B05,2025-08-22,081-xxx-3031,2025-08-22
C01939,กิตติ,ชาย,18-24,B03,2026-04-28,086-xxx-1923,2026-04-28
C01940,อัญชลี,ชาย,25-34,B04,2026-08-26,087-xxx-1790,2026-08-26
C01941,พิม,หญิง,25-34,B05,2025-11-04,083-xxx-1931,2025-11-04
C01942,อรุณ,หญิง,18-24,B01,2026-04-03,088-xxx-4551,2026-04-03
C01943,เกศ,หญิง,18-24,B04,2026-02-04,085-xxx-1219,2026-02-04
C01944,ชนา,ชาย,25-34,B03,2025-12-18,084-xxx-8652,2025-12-18
C01945,ปวีณ,หญิง,55+,B04,2026-07-01,085-xxx-3243,2026-07-01
C01946,พิม,ชาย,35-44,B02,2025-08-28,086-xxx-4764,2025-08-28
C01947,จิรา,หญิง,25-34,B01,2026-07-05,088-xxx-1866,2026-07-05
C01948,ปวีณ,หญิง,45-54,B02,2025-09-02,084-xxx-3042,2025-09-02
C01949,วรรณ,ชาย,25-34,B02,2026-01-25,084-xxx-4873,2026-01-25
C01950,เกศ,ชาย,25-34,B02,2025-05-20,086-xxx-5034,2025-05-20
C01951,วรรณ,หญิง,45-54,B01,2026-05-04,087-xxx-5753,2026-05-04
C01952,ภูมิ,ชาย,45-54,B01,2025-10-17,088-xxx-1981,2025-10-17
C01953,ภัทร,ชาย,25-34,B05,2026-02-21,085-xxx-5507,2026-02-21
C01954,ธีร,หญิง,18-24,B01,2025-07-13,088-xxx-5687,2025-07-13
C01955,จิรา,หญิง,25-34,B02,2026-07-13,085-xxx-1910,2026-07-13
C01956,จิรา,หญิง,18-24,B02,2026-05-14,081-xxx-1069,2026-05-14
C01957,ณัฐ,หญิง,55+,B03,2026-06-20,083-xxx-8734,2026-06-20
C01958,ชนา,ชาย,25-34,B03,2026-01-16,081-xxx-6533,2026-01-16
C01959,เกศ,หญิง,35-44,B02,2026-01-11,082-xxx-8630,2026-01-11
C01960,ภูมิ,ชาย,18-24,B02,2026-09-08,088-xxx-2520,2026-09-08
C01961,ทิพย์,ไม่ระบุ,25-34,B01,2026-03-03,089-xxx-3385,2026-03-03
C01962,พิม,ชาย,55+,B04,2025-11-09,088-xxx-5478,2025-11-09
C01963,รัตนา,หญิง,45-54,B02,2025-06-03,083-xxx-6469,2025-06-03
C01964,ณัฐ,หญิง,25-34,B04,2025-09-19,083-xxx-3207,2025-09-19
C01965,ชนา,หญิง,55+,B01,2025-07-16,087-xxx-6737,2025-07-16
C01966,จิรา,ชาย,25-34,B02,2026-08-15,081-xxx-6859,2026-08-15
C01967,กิตติ,หญิง,35-44,B02,2025-12-15,084-xxx-7247,2025-12-15
C01968,ทิพย์,หญิง,25-34,B05,2026-06-17,088-xxx-7747,2026-06-17
C01969,พิม,หญิง,25-34,B05,2025-05-13,082-xxx-8400,2025-05-13
C01970,นภัส,ชาย,18-24,B01,2025-12-29,081-xxx-1979,2025-12-29
C01971,ปิยะ,ชาย,ต่ำกว่า 18,B04,2025-10-03,085-xxx-9150,2025-10-03
C01972,ปิยะ,หญิง,18-24,B01,2025-09-18,085-xxx-6149,2025-09-18
C01973,ธีร,หญิง,25-34,B02,2026-02-28,085-xxx-7994,2026-02-28
C01974,เกศ,ชาย,18-24,B01,2026-08-21,085-xxx-6216,2026-08-21
C01975,กิตติ,ชาย,35-44,B02,2026-03-02,086-xxx-8672,2026-03-02
C01976,ธีร,ชาย,45-54,B01,2025-11-21,082-xxx-2868,2025-11-21
C01977,พิม,ไม่ระบุ,25-34,B01,2025-08-03,089-xxx-3884,2025-08-03
C01978,กมล,ชาย,35-44,B03,2026-05-20,089-xxx-2605,2026-05-20
C01979,ทิพย์,ชาย,45-54,B02,2026-05-06,082-xxx-4959,2026-05-06
C01980,สมชาย,หญิง,25-34,B03,2025-12-27,087-xxx-8339,2025-12-27
C01981,ชนา,ไม่ระบุ,45-54,B05,2025-12-23,087-xxx-6550,2025-12-23
C01982,กมล,หญิง,45-54,B02,2026-06-23,081-xxx-6853,2026-06-23
C01983,ทิพย์,หญิง,18-24,B01,2025-05-01,086-xxx-3241,2025-05-01
C01984,ณัฐ,ชาย,25-34,B02,2025-10-16,083-xxx-2298,2025-10-16
C01985,ปิยะ,ไม่ระบุ,45-54,B02,2026-05-15,084-xxx-1316,2026-05-15
C01986,ศิริ,หญิง,35-44,B02,2026-06-18,084-xxx-7373,2026-06-18
C01987,วรรณ,ชาย,18-24,B01,2026-03-17,082-xxx-3480,2026-03-17
C01988,กิตติ,หญิง,25-34,B04,2025-08-07,083-xxx-4890,2025-08-07
C01989,วีระ,หญิง,25-34,B01,2025-04-24,085-xxx-3198,2025-04-24
C01990,กิตติ,หญิง,18-24,B02,2025-06-22,084-xxx-3313,2025-06-22
C01991,วรรณ,ชาย,35-44,B01,2026-01-25,084-xxx-3293,2026-01-25
C01992,ชนา,หญิง,18-24,B04,2025-07-30,081-xxx-3135,2025-07-30
C01993,ภัทร,หญิง,35-44,B05,2026-06-16,086-xxx-5332,2026-06-16
C01994,สมชาย,หญิง,25-34,B04,2026-08-02,084-xxx-8767,2026-08-02
C01995,ชนา,หญิง,25-34,B01,2026-04-29,085-xxx-5057,2026-04-29
C01996,ธนา,ชาย,18-24,B01,2026-02-14,086-xxx-7412,2026-02-14
C01997,สมชาย,ชาย,25-34,B01,2025-08-11,084-xxx-2504,2025-08-11
C01998,ภูมิ,หญิง,55+,B01,2026-01-12,083-xxx-9849,2026-01-12
C01999,ปวีณ,หญิง,35-44,B01,2026-05-23,081-xxx-3211,2026-05-23
C02000,วีระ,ชาย,45-54,B05,2025-07-14,087-xxx-3738,2025-07-14
C02001,ชนา,ชาย,45-54,B02,2026-06-21,086-xxx-5740,2026-06-21
C02002,มานพ,ไม่ระบุ,35-44,B01,2026-08-04,085-xxx-6421,2026-08-04
C02003,ชนา,หญิง,18-24,B01,2025-08-27,088-xxx-3289,2025-08-27
C02004,จิรา,ไม่ระบุ,35-44,B03,2026-07-14,086-xxx-3563,2026-07-14
C02005,ปิยะ,ชาย,25-34,B05,2026-07-03,084-xxx-6426,2026-07-03
C02006,ทิพย์,ชาย,35-44,B05,2025-12-31,081-xxx-4965,2025-12-31
C02007,เกศ,หญิง,25-34,B01,2026-03-10,089-xxx-5861,2026-03-10
C02008,พิม,ชาย,18-24,B04,2026-04-08,086-xxx-7358,2026-04-08
C02009,อัญชลี,หญิง,25-34,B05,2025-08-07,083-xxx-5157,2025-08-07
C02010,ศิริ,ชาย,18-24,B04,2025-05-30,089-xxx-7123,2025-05-30
C02011,ชนา,หญิง,35-44,B02,2026-03-12,085-xxx-7213,2026-03-12
C02012,ชนา,ชาย,25-34,B05,2026-06-06,083-xxx-6338,2026-06-06
C02013,นภัส,หญิง,45-54,B02,2025-12-23,086-xxx-1822,2025-12-23
C02014,ธนา,หญิง,18-24,B05,2026-04-12,089-xxx-9105,2026-04-12
C02015,ปวีณ,หญิง,25-34,B02,2025-11-17,084-xxx-6604,2025-11-17
C02016,นภัส,หญิง,18-24,B02,2025-06-07,085-xxx-8845,2025-06-07
C02017,พิม,หญิง,18-24,B04,2026-01-28,085-xxx-8168,2026-01-28
C02018,ภัทร,ชาย,18-24,B04,2025-12-10,082-xxx-6366,2025-12-10
C02019,สุดา,ชาย,ต่ำกว่า 18,B05,2025-10-23,086-xxx-7073,2025-10-23
C02020,นภัส,ชาย,18-24,B05,2026-08-24,083-xxx-8972,2026-08-24
C02021,อัญชลี,ชาย,25-34,B02,2025-06-25,086-xxx-9251,2025-06-25
C02022,ทิพย์,หญิง,25-34,B02,2025-11-18,081-xxx-7210,2025-11-18
C02023,ธนา,ชาย,ต่ำกว่า 18,B05,2025-10-03,082-xxx-3670,2025-10-03
C02024,เกศ,หญิง,18-24,B01,2026-07-24,086-xxx-7165,2026-07-24
C02025,อัญชลี,ชาย,ต่ำกว่า 18,B02,2025-11-05,083-xxx-3987,2025-11-05
C02026,ธนา,หญิง,35-44,B05,2026-04-26,083-xxx-8017,2026-04-26
C02027,พิม,หญิง,18-24,B05,2026-03-04,084-xxx-3954,2026-03-04
C02028,ณัฐ,ชาย,45-54,B01,2026-05-21,082-xxx-9858,2026-05-21
C02029,ธนา,ชาย,25-34,B05,2026-05-19,084-xxx-8150,2026-05-19
C02030,ทิพย์,หญิง,35-44,B03,2026-09-08,082-xxx-9188,2026-09-08
C02031,ณัฐ,ชาย,35-44,B05,2026-06-15,086-xxx-5653,2026-06-15
C02032,รัตนา,หญิง,35-44,B01,2026-06-15,088-xxx-6930,2026-06-15
C02033,กิตติ,หญิง,25-34,B01,2026-05-31,083-xxx-7405,2026-05-31
C02034,รัตนา,ชาย,25-34,B05,2026-05-20,082-xxx-5167,2026-05-20
C02035,ศิริ,หญิง,18-24,B02,2026-08-17,087-xxx-8186,2026-08-17
C02036,ธนา,หญิง,18-24,B01,2026-02-14,087-xxx-6354,2026-02-14
C02037,ธนา,หญิง,25-34,B05,2025-05-21,086-xxx-8728,2025-05-21
C02038,มานพ,ชาย,45-54,B05,2026-07-20,087-xxx-7912,2026-07-20
C02039,ณัฐ,หญิง,18-24,B04,2025-04-12,085-xxx-4536,2025-04-12
C02040,ธนา,ชาย,45-54,B01,2025-04-02,085-xxx-3451,2025-04-02
C02041,วีระ,ชาย,25-34,B03,2026-01-18,084-xxx-2272,2026-01-18
C02042,กมล,หญิง,55+,B04,2025-09-01,087-xxx-7454,2025-09-01
C02043,จิรา,หญิง,45-54,B01,2025-12-06,084-xxx-1074,2025-12-06
C02044,ณัฐ,หญิง,18-24,B05,2025-08-10,089-xxx-1272,2025-08-10
C02045,อรุณ,หญิง,35-44,B01,2025-06-14,083-xxx-9915,2025-06-14
C02046,ภัทร,หญิง,45-54,B04,2026-06-02,087-xxx-7666,2026-06-02
C02047,ศิริ,ชาย,25-34,B02,2026-05-28,086-xxx-9146,2026-05-28
C02048,มานพ,หญิง,25-34,B05,2025-04-07,081-xxx-8826,2025-04-07
C02049,อรุณ,ชาย,35-44,B03,2026-02-13,085-xxx-4250,2026-02-13
C02050,วรรณ,ชาย,25-34,B05,2026-08-31,089-xxx-9001,2026-08-31
C02051,ณัฐ,หญิง,35-44,B01,2025-11-13,085-xxx-7815,2025-11-13
C02052,สุดา,ชาย,18-24,B03,2026-01-08,084-xxx-2529,2026-01-08
C02053,จิรา,ชาย,45-54,B02,2026-05-19,086-xxx-3392,2026-05-19
C02054,ณัฐ,หญิง,18-24,B04,2026-01-06,085-xxx-3973,2026-01-06
C02055,อรุณ,หญิง,25-34,B02,2025-12-28,087-xxx-5464,2025-12-28
C02056,ณัฐ,หญิง,35-44,B02,2025-05-14,089-xxx-2821,2025-05-14
C02057,ภูมิ,ชาย,25-34,B02,2025-04-15,086-xxx-2207,2025-04-15
C02058,ปิยะ,หญิง,45-54,B03,2025-12-15,089-xxx-9171,2025-12-15
C02059,ปิยะ,หญิง,25-34,B04,2026-09-11,083-xxx-7455,2026-09-11
C02060,มานพ,ไม่ระบุ,18-24,B04,2025-08-27,085-xxx-9766,2025-08-27
C02061,จิรา,ชาย,35-44,B01,2025-06-08,084-xxx-3225,2025-06-08
C02062,ทิพย์,หญิง,35-44,B05,2026-04-07,087-xxx-8200,2026-04-07
C02063,ปิยะ,ชาย,18-24,B05,2025-09-20,089-xxx-4567,2025-09-20
C02064,ทิพย์,ชาย,18-24,B04,2025-04-19,083-xxx-6226,2025-04-19
C02065,กมล,ชาย,25-34,B05,2025-06-03,089-xxx-8080,2025-06-03
C02066,ธีร,หญิง,25-34,B01,2026-05-18,082-xxx-9374,2026-05-18
C02067,ทิพย์,ชาย,45-54,B05,2025-10-11,081-xxx-6637,2025-10-11
C02068,นภัส,ชาย,45-54,B02,2025-11-17,089-xxx-1256,2025-11-17
C02069,พิม,หญิง,25-34,B01,2025-04-15,088-xxx-9131,2025-04-15
C02070,กมล,หญิง,55+,B02,2025-11-19,083-xxx-7994,2025-11-19
C02071,ภูมิ,หญิง,25-34,B05,2026-06-05,089-xxx-5088,2026-06-05
C02072,นภัส,หญิง,25-34,B03,2026-03-11,084-xxx-5213,2026-03-11
C02073,วรรณ,หญิง,18-24,B05,2025-11-22,086-xxx-2887,2025-11-22
C02074,สุดา,หญิง,18-24,B03,2025-11-12,087-xxx-3216,2025-11-12
C02075,พิม,ชาย,18-24,B04,2026-02-16,082-xxx-7907,2026-02-16
C02076,พิม,ชาย,ต่ำกว่า 18,B05,2025-12-03,089-xxx-4319,2025-12-03
C02077,ธนา,หญิง,18-24,B04,2025-12-06,088-xxx-4575,2025-12-06
C02078,ปวีณ,หญิง,55+,B02,2026-08-07,086-xxx-3783,2026-08-07
C02079,ธนา,ชาย,18-24,B03,2026-06-06,084-xxx-2091,2026-06-06
C02080,วรรณ,หญิง,45-54,B05,2026-03-15,084-xxx-4029,2026-03-15
C02081,ปิยะ,หญิง,45-54,B02,2026-08-01,084-xxx-2701,2026-08-01
C02082,วรรณ,หญิง,25-34,B02,2026-01-24,085-xxx-5702,2026-01-24
C02083,ณัฐ,หญิง,25-34,B01,2026-08-09,087-xxx-5669,2026-08-09
C02084,ณัฐ,หญิง,35-44,B01,2026-02-15,089-xxx-9344,2026-02-15
C02085,ภูมิ,หญิง,18-24,B01,2025-06-02,083-xxx-3286,2025-06-02
C02086,ธนา,ชาย,18-24,B01,2025-10-15,088-xxx-3037,2025-10-15
C02087,รัตนา,หญิง,ต่ำกว่า 18,B03,2026-07-20,085-xxx-2711,2026-07-20
C02088,อรุณ,ชาย,18-24,B04,2025-05-31,084-xxx-5534,2025-05-31
C02089,ธนา,หญิง,25-34,B02,2025-04-11,084-xxx-5507,2025-04-11
C02090,ธนา,ชาย,18-24,B04,2026-03-18,088-xxx-1096,2026-03-18
C02091,ภูมิ,ชาย,45-54,B05,2025-12-01,083-xxx-7429,2025-12-01
C02092,ปวีณ,ชาย,35-44,B01,2025-06-27,086-xxx-5030,2025-06-27
C02093,นภัส,ชาย,25-34,B04,2025-04-26,089-xxx-1952,2025-04-26
C02094,อรุณ,หญิง,35-44,B01,2026-07-16,088-xxx-5887,2026-07-16
C02095,จิรา,หญิง,35-44,B02,2026-06-14,088-xxx-8884,2026-06-14
C02096,พิม,ไม่ระบุ,35-44,B05,2026-07-07,085-xxx-4922,2026-07-07
C02097,ธีร,หญิง,55+,B02,2026-06-09,085-xxx-9736,2026-06-09
C02098,มานพ,หญิง,18-24,B02,2025-05-15,087-xxx-1627,2025-05-15
C02099,กมล,ชาย,25-34,B02,2026-03-06,086-xxx-8056,2026-03-06
C02100,กิตติ,หญิง,25-34,B05,2025-06-15,086-xxx-5790,2025-06-15
C02101,สุดา,หญิง,ต่ำกว่า 18,B04,2025-06-15,087-xxx-6650,2025-06-15
C02102,ปวีณ,หญิง,35-44,B04,2026-05-10,087-xxx-7035,2026-05-10
C02103,วีระ,หญิง,18-24,B05,2025-06-22,083-xxx-1681,2025-06-22
C02104,วรรณ,ชาย,18-24,B04,2026-06-07,089-xxx-3653,2026-06-07
C02105,ณัฐ,หญิง,35-44,B04,2026-08-16,088-xxx-1282,2026-08-16
C02106,พิม,ชาย,45-54,B04,2026-08-25,087-xxx-8473,2026-08-25
C02107,ศิริ,ชาย,35-44,B01,2026-06-03,084-xxx-6295,2026-06-03
C02108,ธีร,หญิง,45-54,B05,2026-05-05,088-xxx-6242,2026-05-05
C02109,จิรา,ชาย,25-34,B01,2026-08-27,081-xxx-5910,2026-08-27
C02110,ณัฐ,ชาย,25-34,B05,2025-12-04,087-xxx-1145,2025-12-04
C02111,ปิยะ,ชาย,18-24,B01,2025-08-11,088-xxx-3526,2025-08-11
C02112,ทิพย์,ชาย,18-24,B02,2025-09-20,087-xxx-5395,2025-09-20
C02113,พิม,ชาย,18-24,B01,2025-08-11,081-xxx-2374,2025-08-11
C02114,ศิริ,หญิง,18-24,B04,2025-06-16,081-xxx-3926,2025-06-16
C02115,ภัทร,ชาย,45-54,B04,2025-09-09,089-xxx-7088,2025-09-09
C02116,จิรา,หญิง,ต่ำกว่า 18,B05,2025-08-20,088-xxx-2967,2025-08-20
C02117,มานพ,หญิง,25-34,B02,2026-05-01,083-xxx-6824,2026-05-01
C02118,ธนา,หญิง,55+,B03,2026-07-14,089-xxx-1783,2026-07-14
C02119,กิตติ,หญิง,45-54,B01,2026-04-04,089-xxx-2894,2026-04-04
C02120,มานพ,ไม่ระบุ,18-24,B02,2026-08-25,084-xxx-2443,2026-08-25
C02121,ภัทร,หญิง,35-44,B03,2025-11-26,082-xxx-1749,2025-11-26
C02122,เกศ,หญิง,45-54,B05,2026-02-04,083-xxx-2731,2026-02-04
C02123,ปวีณ,ชาย,18-24,B01,2026-07-16,084-xxx-3030,2026-07-16
C02124,วีระ,ชาย,18-24,B02,2025-09-29,086-xxx-7498,2025-09-29
C02125,ทิพย์,หญิง,35-44,B01,2026-04-18,084-xxx-6176,2026-04-18
C02126,ภัทร,ชาย,35-44,B02,2025-05-18,087-xxx-4262,2025-05-18
C02127,ปวีณ,หญิง,45-54,B01,2026-06-15,086-xxx-4821,2026-06-15
C02128,อรุณ,ชาย,25-34,B01,2026-05-16,089-xxx-9779,2026-05-16
C02129,ภัทร,หญิง,18-24,B05,2026-03-08,087-xxx-3222,2026-03-08
C02130,ปิยะ,หญิง,55+,B01,2025-05-17,085-xxx-5140,2025-05-17
C02131,พิม,ไม่ระบุ,18-24,B01,2025-04-13,086-xxx-6022,2025-04-13
C02132,เกศ,ไม่ระบุ,35-44,B03,2026-01-30,089-xxx-2197,2026-01-30
C02133,อรุณ,ชาย,45-54,B05,2025-08-13,081-xxx-5016,2025-08-13
C02134,อรุณ,หญิง,25-34,B02,2025-08-12,086-xxx-2227,2025-08-12
C02135,มานพ,ชาย,25-34,B05,2026-08-07,086-xxx-2540,2026-08-07
C02136,ณัฐ,หญิง,18-24,B03,2026-04-15,089-xxx-4458,2026-04-15
C02137,ศิริ,หญิง,18-24,B02,2026-08-17,082-xxx-1725,2026-08-17
C02138,มานพ,หญิง,18-24,B05,2025-05-15,086-xxx-2400,2025-05-15
C02139,สมชาย,หญิง,35-44,B02,2026-04-24,084-xxx-5267,2026-04-24
C02140,กมล,หญิง,18-24,B01,2025-08-07,087-xxx-6870,2025-08-07
C02141,ปิยะ,หญิง,25-34,B02,2025-07-19,082-xxx-2202,2025-07-19
C02142,ธีร,หญิง,25-34,B01,2026-08-14,088-xxx-6564,2026-08-14
C02143,กมล,ชาย,45-54,B01,2026-05-16,089-xxx-2612,2026-05-16
C02144,สุดา,ชาย,25-34,B01,2026-06-14,087-xxx-9960,2026-06-14
C02145,อัญชลี,ชาย,25-34,B01,2026-05-17,089-xxx-7202,2026-05-17
C02146,กมล,ชาย,35-44,B02,2025-08-02,082-xxx-4443,2025-08-02
C02147,ศิริ,หญิง,18-24,B03,2026-08-08,084-xxx-7342,2026-08-08
C02148,วีระ,ไม่ระบุ,35-44,B04,2026-07-05,082-xxx-4553,2026-07-05
C02149,ภัทร,ชาย,18-24,B05,2026-06-03,088-xxx-3154,2026-06-03
C02150,ภัทร,หญิง,18-24,B01,2025-04-21,082-xxx-9358,2025-04-21
C02151,กมล,ชาย,55+,B01,2026-09-13,088-xxx-7989,2026-09-13
C02152,ภูมิ,หญิง,25-34,B02,2026-07-27,084-xxx-5468,2026-07-27
C02153,มานพ,หญิง,25-34,B05,2026-04-12,086-xxx-8001,2026-04-12
C02154,ธนา,หญิง,18-24,B02,2026-04-08,089-xxx-8541,2026-04-08
C02155,สมชาย,หญิง,18-24,B03,2026-04-13,084-xxx-2003,2026-04-13
C02156,นภัส,หญิง,45-54,B01,2025-08-30,086-xxx-3913,2025-08-30
C02157,มานพ,ไม่ระบุ,45-54,B05,2026-05-27,082-xxx-4704,2026-05-27
C02158,กิตติ,ชาย,25-34,B04,2025-07-15,086-xxx-4247,2025-07-15
C02159,กิตติ,หญิง,18-24,B03,2026-02-24,089-xxx-3665,2026-02-24
C02160,ชนา,ชาย,55+,B02,2025-11-09,089-xxx-8328,2025-11-09
C02161,อัญชลี,หญิง,35-44,B05,2026-03-03,083-xxx-8468,2026-03-03
C02162,กิตติ,หญิง,18-24,B05,2025-09-14,087-xxx-9773,2025-09-14
C02163,ณัฐ,หญิง,35-44,B04,2025-10-28,083-xxx-1414,2025-10-28
C02164,ธีร,หญิง,25-34,B03,2026-08-22,082-xxx-3817,2026-08-22
C02165,นภัส,ชาย,ต่ำกว่า 18,B05,2026-09-06,084-xxx-3852,2026-09-06
C02166,วรรณ,ชาย,18-24,B05,2025-12-21,083-xxx-5871,2025-12-21
C02167,กิตติ,หญิง,25-34,B01,2026-04-01,085-xxx-1069,2026-04-01
C02168,กมล,หญิง,25-34,B05,2025-10-27,083-xxx-7695,2025-10-27
C02169,นภัส,หญิง,55+,B04,2026-05-31,088-xxx-8085,2026-05-31
C02170,มานพ,หญิง,25-34,B05,2026-04-23,081-xxx-1176,2026-04-23
C02171,ธีร,หญิง,25-34,B03,2025-11-13,088-xxx-8496,2025-11-13
C02172,ปิยะ,ชาย,45-54,B05,2025-09-17,088-xxx-7144,2025-09-17
C02173,ศิริ,หญิง,25-34,B04,2025-12-10,087-xxx-4087,2025-12-10
C02174,กิตติ,ชาย,25-34,B03,2026-04-10,082-xxx-1388,2026-04-10
C02175,วีระ,หญิง,18-24,B05,2025-06-23,087-xxx-5775,2025-06-23
C02176,จิรา,หญิง,35-44,B01,2026-05-02,081-xxx-4157,2026-05-02
C02177,อรุณ,ชาย,35-44,B02,2025-06-25,081-xxx-7130,2025-06-25
C02178,ชนา,ชาย,25-34,B04,2025-09-22,087-xxx-3196,2025-09-22
C02179,อัญชลี,หญิง,25-34,B01,2025-06-24,081-xxx-5843,2025-06-24
C02180,เกศ,หญิง,25-34,B02,2025-09-10,082-xxx-7339,2025-09-10
C02181,พิม,ชาย,35-44,B03,2026-05-13,085-xxx-5665,2026-05-13
C02182,ศิริ,หญิง,35-44,B05,2026-03-31,082-xxx-8524,2026-03-31
C02183,ชนา,หญิง,45-54,B04,2026-05-27,088-xxx-9312,2026-05-27
C02184,กมล,หญิง,25-34,B05,2025-12-22,089-xxx-5062,2025-12-22
C02185,จิรา,หญิง,35-44,B05,2025-07-08,088-xxx-6227,2025-07-08
C02186,สมชาย,ชาย,25-34,B04,2025-09-23,088-xxx-1516,2025-09-23
C02187,สมชาย,ชาย,35-44,B04,2026-09-07,083-xxx-6770,2026-09-07
C02188,ทิพย์,ชาย,25-34,B02,2026-05-12,082-xxx-5657,2026-05-12
C02189,ปวีณ,หญิง,25-34,B05,2025-07-28,084-xxx-2943,2025-07-28
C02190,นภัส,ชาย,25-34,B01,2025-06-17,087-xxx-8333,2025-06-17
C02191,ชนา,ชาย,25-34,B04,2026-04-01,083-xxx-1052,2026-04-01
C02192,วรรณ,ชาย,18-24,B01,2025-07-16,084-xxx-4524,2025-07-16
C02193,เกศ,ไม่ระบุ,45-54,B03,2026-06-06,089-xxx-1611,2026-06-06
C02194,ธีร,หญิง,25-34,B05,2025-10-02,084-xxx-7771,2025-10-02
C02195,นภัส,หญิง,45-54,B05,2025-05-21,085-xxx-7150,2025-05-21
C02196,ศิริ,ชาย,35-44,B02,2026-04-08,081-xxx-3497,2026-04-08
C02197,ปิยะ,หญิง,35-44,B04,2026-03-25,083-xxx-3402,2026-03-25
C02198,ปวีณ,ชาย,25-34,B01,2025-06-04,083-xxx-2396,2025-06-04
C02199,วีระ,ชาย,35-44,B05,2026-05-21,084-xxx-5831,2026-05-21
C02200,ธนา,ชาย,35-44,B05,2025-08-27,086-xxx-5349,2025-08-27
C02201,สมชาย,หญิง,25-34,B05,2025-12-17,083-xxx-7845,2025-12-17
C02202,ภัทร,ชาย,ต่ำกว่า 18,B04,2026-01-20,084-xxx-1565,2026-01-20
C02203,ปวีณ,หญิง,25-34,B03,2025-11-13,081-xxx-3260,2025-11-13
C02204,ธนา,หญิง,25-34,B02,2025-04-01,085-xxx-3373,2025-04-01
C02205,ปิยะ,ชาย,55+,B02,2025-09-27,084-xxx-9156,2025-09-27
C02206,เกศ,หญิง,25-34,B01,2026-03-07,085-xxx-2155,2026-03-07
C02207,ทิพย์,ชาย,35-44,B02,2025-04-14,081-xxx-4308,2025-04-14
C02208,ศิริ,หญิง,18-24,B03,2026-03-16,088-xxx-1259,2026-03-16
C02209,ทิพย์,หญิง,55+,B04,2025-06-11,089-xxx-8534,2025-06-11
C02210,เกศ,ชาย,55+,B04,2026-04-26,087-xxx-9071,2026-04-26
C02211,ภูมิ,ชาย,25-34,B05,2026-03-17,083-xxx-2411,2026-03-17
C02212,ศิริ,หญิง,55+,B04,2026-06-04,081-xxx-7638,2026-06-04
C02213,รัตนา,หญิง,25-34,B04,2026-06-28,085-xxx-6259,2026-06-28
C02214,ศิริ,หญิง,ต่ำกว่า 18,B03,2026-07-29,087-xxx-3597,2026-07-29
C02215,ธนา,หญิง,45-54,B02,2025-05-16,087-xxx-6322,2025-05-16
C02216,เกศ,หญิง,18-24,B04,2026-03-26,085-xxx-7239,2026-03-26
C02217,ภูมิ,ชาย,25-34,B05,2025-07-07,081-xxx-3264,2025-07-07
C02218,ศิริ,ชาย,45-54,B05,2025-10-02,087-xxx-3835,2025-10-02
C02219,นภัส,หญิง,18-24,B02,2026-09-08,087-xxx-2577,2026-09-08
C02220,ปวีณ,หญิง,25-34,B04,2025-11-17,084-xxx-1286,2025-11-17
C02221,ปิยะ,หญิง,25-34,B01,2026-04-07,086-xxx-1789,2026-04-07
C02222,วรรณ,หญิง,25-34,B02,2026-08-25,087-xxx-9979,2026-08-25
C02223,จิรา,ชาย,25-34,B03,2026-08-05,086-xxx-8553,2026-08-05
C02224,ทิพย์,หญิง,25-34,B05,2025-12-14,087-xxx-4221,2025-12-14
C02225,ธนา,หญิง,25-34,B05,2025-07-23,088-xxx-6044,2025-07-23
C02226,สมชาย,ชาย,35-44,B01,2026-05-25,089-xxx-3064,2026-05-25
C02227,ภัทร,ชาย,55+,B05,2025-11-23,084-xxx-3260,2025-11-23
C02228,รัตนา,หญิง,45-54,B05,2026-01-08,084-xxx-5853,2026-01-08
C02229,ทิพย์,หญิง,25-34,B05,2026-06-14,086-xxx-7038,2026-06-14
C02230,สุดา,หญิง,18-24,B02,2026-03-16,085-xxx-4984,2026-03-16
C02231,ณัฐ,ชาย,25-34,B04,2026-07-08,082-xxx-6980,2026-07-08
C02232,นภัส,หญิง,35-44,B04,2026-03-10,084-xxx-5885,2026-03-10
C02233,ณัฐ,หญิง,35-44,B03,2026-03-23,089-xxx-9703,2026-03-23
C02234,รัตนา,ชาย,18-24,B01,2025-10-28,085-xxx-1874,2025-10-28
C02235,กมล,หญิง,55+,B02,2025-08-15,087-xxx-2333,2025-08-15
C02236,อัญชลี,หญิง,25-34,B05,2025-10-06,082-xxx-4498,2025-10-06
C02237,ปิยะ,หญิง,18-24,B02,2025-07-27,086-xxx-4358,2025-07-27
C02238,วีระ,หญิง,25-34,B01,2026-04-18,088-xxx-7260,2026-04-18
C02239,สมชาย,หญิง,25-34,B01,2025-12-31,088-xxx-7151,2025-12-31
C02240,อัญชลี,ชาย,35-44,B04,2025-06-02,084-xxx-7249,2025-06-02
C02241,จิรา,ชาย,35-44,B05,2026-01-03,081-xxx-5544,2026-01-03
C02242,ธนา,ไม่ระบุ,45-54,B01,2026-07-05,088-xxx-1194,2026-07-05
C02243,ภูมิ,หญิง,35-44,B02,2025-07-28,081-xxx-8912,2025-07-28
C02244,กมล,ไม่ระบุ,55+,B02,2025-05-04,086-xxx-9965,2025-05-04
C02245,กิตติ,ชาย,18-24,B02,2026-09-03,085-xxx-1660,2026-09-03
C02246,กมล,หญิง,25-34,B01,2026-01-12,083-xxx-9260,2026-01-12
C02247,จิรา,ชาย,25-34,B05,2026-03-16,083-xxx-4319,2026-03-16
C02248,อัญชลี,ชาย,35-44,B02,2026-03-15,081-xxx-4308,2026-03-15
C02249,ณัฐ,หญิง,35-44,B04,2025-05-29,082-xxx-5093,2025-05-29
C02250,กมล,ชาย,25-34,B05,2025-08-24,086-xxx-6113,2025-08-24
C02251,วรรณ,ชาย,35-44,B02,2026-01-31,081-xxx-9881,2026-01-31
C02252,วรรณ,หญิง,25-34,B01,2025-09-17,086-xxx-1526,2025-09-17
C02253,เกศ,ชาย,45-54,B05,2026-01-28,089-xxx-2773,2026-01-28
C02254,รัตนา,หญิง,25-34,B05,2026-01-23,089-xxx-7522,2026-01-23
C02255,ศิริ,หญิง,25-34,B01,2025-08-20,083-xxx-7272,2025-08-20
C02256,กิตติ,หญิง,25-34,B02,2025-09-29,082-xxx-5978,2025-09-29
C02257,ปวีณ,หญิง,25-34,B05,2026-01-04,084-xxx-6300,2026-01-04
C02258,นภัส,หญิง,25-34,B01,2026-01-03,083-xxx-6295,2026-01-03
C02259,วีระ,หญิง,35-44,B03,2025-11-29,086-xxx-9768,2025-11-29
C02260,สุดา,หญิง,25-34,B03,2025-12-29,089-xxx-3340,2025-12-29
C02261,เกศ,หญิง,25-34,B02,2025-04-10,082-xxx-1753,2025-04-10
C02262,ธีร,หญิง,18-24,B05,2025-04-26,087-xxx-7520,2025-04-26
C02263,เกศ,ชาย,35-44,B03,2026-06-30,081-xxx-9821,2026-06-30
C02264,อรุณ,ชาย,55+,B05,2025-11-17,087-xxx-1832,2025-11-17
C02265,รัตนา,หญิง,35-44,B04,2026-04-13,083-xxx-3066,2026-04-13
C02266,มานพ,หญิง,45-54,B02,2026-08-22,087-xxx-2695,2026-08-22
C02267,ปิยะ,ชาย,25-34,B01,2025-05-04,082-xxx-5499,2025-05-04
C02268,ศิริ,หญิง,45-54,B04,2025-09-21,088-xxx-4182,2025-09-21
C02269,จิรา,ชาย,18-24,B02,2026-03-28,086-xxx-2639,2026-03-28
C02270,นภัส,ชาย,55+,B03,2026-01-13,086-xxx-4680,2026-01-13
C02271,ทิพย์,ชาย,45-54,B01,2025-09-07,083-xxx-2390,2025-09-07
C02272,ณัฐ,ไม่ระบุ,55+,B05,2025-07-15,089-xxx-8833,2025-07-15
C02273,รัตนา,หญิง,25-34,B05,2025-08-07,087-xxx-9970,2025-08-07
C02274,ปิยะ,หญิง,ต่ำกว่า 18,B05,2025-07-27,081-xxx-1816,2025-07-27
C02275,ศิริ,ไม่ระบุ,35-44,B04,2026-01-26,086-xxx-7092,2026-01-26
C02276,กมล,ชาย,18-24,B01,2026-08-17,084-xxx-2691,2026-08-17
C02277,ทิพย์,หญิง,35-44,B05,2026-08-24,084-xxx-2819,2026-08-24
C02278,วีระ,ชาย,25-34,B01,2026-05-14,087-xxx-5492,2026-05-14
C02279,นภัส,ชาย,18-24,B02,2026-07-14,088-xxx-8893,2026-07-14
C02280,รัตนา,ชาย,25-34,B02,2025-09-15,084-xxx-1434,2025-09-15
C02281,กมล,หญิง,18-24,B03,2026-03-08,084-xxx-9547,2026-03-08
C02282,ปวีณ,หญิง,25-34,B02,2025-05-08,082-xxx-4357,2025-05-08
C02283,กมล,ชาย,18-24,B02,2025-12-28,082-xxx-6913,2025-12-28
C02284,อรุณ,หญิง,18-24,B04,2025-04-18,089-xxx-1389,2025-04-18
C02285,ปิยะ,ชาย,ต่ำกว่า 18,B03,2025-11-01,087-xxx-6734,2025-11-01
C02286,สุดา,ชาย,35-44,B01,2025-07-02,081-xxx-3078,2025-07-02
C02287,นภัส,ชาย,35-44,B01,2026-04-11,082-xxx-3706,2026-04-11
C02288,ณัฐ,หญิง,25-34,B01,2026-08-09,084-xxx-4975,2026-08-09
C02289,จิรา,ชาย,25-34,B05,2026-06-03,089-xxx-6549,2026-06-03
C02290,ณัฐ,ชาย,35-44,B02,2025-04-13,083-xxx-6792,2025-04-13
C02291,ธนา,หญิง,55+,B05,2026-07-05,084-xxx-8292,2026-07-05
C02292,ปวีณ,หญิง,45-54,B03,2026-02-27,084-xxx-2022,2026-02-27
C02293,ศิริ,ชาย,25-34,B03,2026-03-28,085-xxx-4015,2026-03-28
C02294,อรุณ,หญิง,55+,B01,2025-05-24,084-xxx-6990,2025-05-24
C02295,อัญชลี,หญิง,35-44,B01,2026-06-13,083-xxx-4382,2026-06-13
C02296,นภัส,หญิง,25-34,B03,2026-02-02,083-xxx-9170,2026-02-02
C02297,ทิพย์,ชาย,35-44,B01,2026-01-31,081-xxx-9597,2026-01-31
C02298,วีระ,ชาย,35-44,B05,2026-05-22,081-xxx-9073,2026-05-22
C02299,นภัส,ชาย,55+,B04,2025-09-12,088-xxx-8137,2025-09-12
C02300,ภัทร,หญิง,25-34,B01,2025-09-15,086-xxx-7124,2025-09-15
C02301,กิตติ,หญิง,25-34,B02,2026-04-09,088-xxx-7052,2026-04-09
C02302,อรุณ,ชาย,ต่ำกว่า 18,B04,2025-08-16,086-xxx-1722,2025-08-16
C02303,ชนา,ชาย,25-34,B04,2025-12-15,089-xxx-2714,2025-12-15
C02304,วรรณ,ชาย,18-24,B04,2026-02-12,082-xxx-9312,2026-02-12
C02305,ศิริ,หญิง,35-44,B05,2025-06-17,088-xxx-5894,2025-06-17
C02306,มานพ,หญิง,45-54,B01,2026-03-24,083-xxx-7349,2026-03-24
C02307,ภูมิ,ชาย,45-54,B05,2025-04-27,083-xxx-4269,2025-04-27
C02308,นภัส,หญิง,18-24,B03,2026-01-12,082-xxx-1494,2026-01-12
C02309,กิตติ,หญิง,25-34,B05,2025-06-27,085-xxx-3028,2025-06-27
C02310,กิตติ,หญิง,35-44,B01,2025-07-13,089-xxx-5574,2025-07-13
C02311,ณัฐ,ชาย,18-24,B01,2025-06-23,081-xxx-2060,2025-06-23
C02312,พิม,หญิง,25-34,B05,2026-01-29,084-xxx-9358,2026-01-29
C02313,อรุณ,ชาย,25-34,B04,2025-07-02,086-xxx-1517,2025-07-02
C02314,เกศ,หญิง,18-24,B02,2026-02-28,082-xxx-4989,2026-02-28
C02315,สุดา,ชาย,25-34,B02,2026-03-16,084-xxx-6577,2026-03-16
C02316,กมล,ไม่ระบุ,45-54,B05,2025-05-30,082-xxx-9605,2025-05-30
C02317,ณัฐ,หญิง,18-24,B04,2025-05-04,084-xxx-8225,2025-05-04
C02318,เกศ,หญิง,55+,B04,2026-04-05,086-xxx-2064,2026-04-05
C02319,ทิพย์,หญิง,35-44,B05,2026-04-01,087-xxx-6082,2026-04-01
C02320,ณัฐ,ชาย,55+,B05,2025-06-23,081-xxx-7178,2025-06-23
C02321,ธีร,ชาย,25-34,B03,2026-05-06,089-xxx-1255,2026-05-06
C02322,อรุณ,หญิง,35-44,B05,2025-05-25,086-xxx-9381,2025-05-25
C02323,เกศ,หญิง,45-54,B04,2025-11-05,088-xxx-6124,2025-11-05
C02324,มานพ,หญิง,18-24,B03,2026-06-24,088-xxx-6284,2026-06-24
C02325,พิม,หญิง,45-54,B01,2025-11-01,089-xxx-8452,2025-11-01
C02326,เกศ,ชาย,18-24,B04,2026-02-17,088-xxx-6990,2026-02-17
C02327,ทิพย์,หญิง,35-44,B04,2026-06-29,081-xxx-8179,2026-06-29
C02328,มานพ,ชาย,25-34,B01,2025-09-09,089-xxx-3346,2025-09-09
C02329,พิม,หญิง,55+,B05,2026-04-11,083-xxx-9405,2026-04-11
C02330,รัตนา,หญิง,25-34,B05,2025-04-04,087-xxx-9704,2025-04-04
C02331,กมล,ชาย,35-44,B05,2026-03-13,082-xxx-5010,2026-03-13
C02332,ปวีณ,ชาย,25-34,B03,2026-02-02,081-xxx-2882,2026-02-02
C02333,ชนา,ชาย,25-34,B05,2025-11-11,089-xxx-5909,2025-11-11
C02334,วรรณ,ชาย,35-44,B01,2026-04-03,085-xxx-9424,2026-04-03
C02335,วรรณ,ไม่ระบุ,18-24,B05,2025-07-03,082-xxx-8587,2025-07-03
C02336,รัตนา,ชาย,18-24,B01,2025-04-17,087-xxx-9622,2025-04-17
C02337,สุดา,ชาย,25-34,B02,2026-01-05,084-xxx-1106,2026-01-05
C02338,พิม,หญิง,35-44,B01,2026-08-25,087-xxx-4701,2026-08-25
C02339,ธีร,หญิง,25-34,B02,2025-12-08,082-xxx-3607,2025-12-08
C02340,กิตติ,หญิง,18-24,B01,2026-01-06,082-xxx-3457,2026-01-06
C02341,อัญชลี,หญิง,45-54,B03,2026-06-04,088-xxx-3207,2026-06-04
C02342,สุดา,ชาย,25-34,B02,2026-04-16,087-xxx-4076,2026-04-16
C02343,ณัฐ,หญิง,18-24,B03,2026-03-13,082-xxx-7135,2026-03-13
C02344,ภัทร,ชาย,35-44,B04,2025-08-23,088-xxx-7980,2025-08-23
C02345,อัญชลี,ไม่ระบุ,35-44,B01,2026-06-14,087-xxx-2615,2026-06-14
C02346,รัตนา,หญิง,18-24,B05,2025-11-06,081-xxx-6912,2025-11-06
C02347,ธีร,ชาย,35-44,B02,2025-12-28,081-xxx-7043,2025-12-28
C02348,อัญชลี,หญิง,25-34,B03,2026-01-01,084-xxx-9536,2026-01-01
C02349,ธนา,หญิง,25-34,B05,2025-04-09,081-xxx-3701,2025-04-09
C02350,กมล,หญิง,35-44,B02,2026-01-05,089-xxx-8013,2026-01-05
C02351,กิตติ,หญิง,25-34,B05,2025-05-30,082-xxx-3621,2025-05-30
C02352,ชนา,หญิง,35-44,B05,2026-09-13,087-xxx-1890,2026-09-13
C02353,อรุณ,หญิง,55+,B05,2026-08-12,082-xxx-2375,2026-08-12
C02354,กมล,ชาย,18-24,B05,2025-07-27,083-xxx-1825,2025-07-27
C02355,นภัส,ชาย,18-24,B05,2026-07-24,083-xxx-3428,2026-07-24
C02356,พิม,ไม่ระบุ,35-44,B01,2025-07-28,086-xxx-7627,2025-07-28
C02357,ณัฐ,ชาย,35-44,B05,2026-06-25,088-xxx-6908,2026-06-25
C02358,อรุณ,ชาย,18-24,B01,2025-04-07,086-xxx-9585,2025-04-07
C02359,รัตนา,ชาย,25-34,B01,2025-08-14,086-xxx-2440,2025-08-14
C02360,ธนา,ชาย,25-34,B01,2026-02-27,088-xxx-1215,2026-02-27
C02361,ศิริ,หญิง,45-54,B05,2025-11-09,087-xxx-1283,2025-11-09
C02362,ปวีณ,ชาย,35-44,B01,2025-07-18,082-xxx-7086,2025-07-18
C02363,สุดา,ชาย,55+,B02,2025-11-30,086-xxx-2766,2025-11-30
C02364,ธนา,ชาย,25-34,B01,2025-06-23,088-xxx-2370,2025-06-23
C02365,ปวีณ,หญิง,35-44,B04,2026-06-21,082-xxx-7868,2026-06-21
C02366,กมล,ชาย,45-54,B03,2026-01-25,086-xxx-6634,2026-01-25
C02367,สุดา,หญิง,25-34,B04,2026-05-21,086-xxx-6102,2026-05-21
C02368,ปวีณ,หญิง,45-54,B04,2025-11-17,081-xxx-8378,2025-11-17
C02369,ธนา,ชาย,25-34,B01,2026-05-21,088-xxx-9836,2026-05-21
C02370,สุดา,หญิง,25-34,B03,2026-01-31,081-xxx-3274,2026-01-31
C02371,ทิพย์,หญิง,18-24,B05,2025-06-10,087-xxx-7881,2025-06-10
C02372,กมล,หญิง,18-24,B05,2025-05-18,087-xxx-8911,2025-05-18
C02373,พิม,หญิง,25-34,B04,2025-05-09,086-xxx-2414,2025-05-09
C02374,ชนา,ชาย,35-44,B05,2025-12-18,087-xxx-8213,2025-12-18
C02375,อัญชลี,ชาย,45-54,B04,2026-04-07,089-xxx-1830,2026-04-07
C02376,ศิริ,หญิง,45-54,B05,2026-07-06,085-xxx-1582,2026-07-06
C02377,ภัทร,หญิง,18-24,B02,2025-10-23,087-xxx-6594,2025-10-23
C02378,รัตนา,ชาย,45-54,B03,2026-07-10,087-xxx-3792,2026-07-10
C02379,ชนา,หญิง,35-44,B01,2026-06-13,087-xxx-2760,2026-06-13
C02380,กมล,ชาย,45-54,B02,2026-03-08,081-xxx-6903,2026-03-08
C02381,ปิยะ,ชาย,18-24,B01,2026-03-15,084-xxx-4000,2026-03-15
C02382,อรุณ,ชาย,25-34,B03,2026-03-01,082-xxx-2512,2026-03-01
C02383,ภูมิ,ชาย,18-24,B01,2026-04-28,088-xxx-4841,2026-04-28
C02384,กมล,ชาย,18-24,B01,2026-06-19,083-xxx-8136,2026-06-19
C02385,วีระ,หญิง,35-44,B03,2026-05-13,087-xxx-5576,2026-05-13
C02386,ธนา,ชาย,35-44,B03,2026-05-21,084-xxx-2173,2026-05-21
C02387,ปิยะ,หญิง,45-54,B05,2025-04-17,084-xxx-6679,2025-04-17
C02388,ศิริ,หญิง,55+,B05,2025-06-01,082-xxx-1586,2025-06-01
C02389,อรุณ,ชาย,18-24,B03,2026-04-29,086-xxx-1943,2026-04-29
C02390,ปิยะ,หญิง,18-24,B04,2026-05-29,084-xxx-2701,2026-05-29
C02391,นภัส,ชาย,25-34,B05,2025-12-02,085-xxx-4411,2025-12-02
C02392,เกศ,ชาย,55+,B04,2025-12-15,088-xxx-4472,2025-12-15
C02393,รัตนา,ชาย,55+,B01,2025-10-06,083-xxx-5883,2025-10-06
C02394,พิม,หญิง,18-24,B03,2026-03-28,083-xxx-8407,2026-03-28
C02395,วรรณ,ชาย,18-24,B04,2026-06-09,082-xxx-8567,2026-06-09
C02396,สุดา,หญิง,25-34,B03,2025-11-14,083-xxx-4715,2025-11-14
C02397,ศิริ,หญิง,45-54,B03,2026-05-05,089-xxx-4162,2026-05-05
C02398,เกศ,หญิง,35-44,B05,2025-05-15,087-xxx-3029,2025-05-15
C02399,กมล,ชาย,18-24,B02,2025-09-30,086-xxx-7445,2025-09-30
C02400,เกศ,หญิง,25-34,B01,2026-07-10,085-xxx-9127,2026-07-10
C02401,ศิริ,หญิง,18-24,B02,2026-01-06,082-xxx-9050,2026-01-06
C02402,ปวีณ,ชาย,55+,B01,2025-10-15,085-xxx-3475,2025-10-15
C02403,ปวีณ,หญิง,ต่ำกว่า 18,B01,2026-01-10,084-xxx-7629,2026-01-10
C02404,อรุณ,ชาย,25-34,B04,2025-08-01,089-xxx-2167,2025-08-01
C02405,ทิพย์,ชาย,55+,B04,2025-09-22,082-xxx-8751,2025-09-22
C02406,ปิยะ,ชาย,35-44,B02,2025-12-19,087-xxx-1451,2025-12-19
C02407,สมชาย,หญิง,18-24,B04,2025-12-06,088-xxx-2674,2025-12-06
C02408,ทิพย์,ชาย,ต่ำกว่า 18,B05,2026-04-22,088-xxx-2147,2026-04-22
C02409,นภัส,ไม่ระบุ,45-54,B05,2026-06-25,088-xxx-6771,2026-06-25
C02410,อรุณ,หญิง,35-44,B03,2026-01-07,084-xxx-7846,2026-01-07
C02411,มานพ,หญิง,55+,B02,2025-10-20,087-xxx-7243,2025-10-20
C02412,อัญชลี,ชาย,45-54,B03,2026-01-06,087-xxx-1663,2026-01-06
C02413,จิรา,หญิง,18-24,B03,2026-07-06,083-xxx-8099,2026-07-06
C02414,มานพ,หญิง,25-34,B02,2026-06-30,086-xxx-5983,2026-06-30
C02415,นภัส,ชาย,25-34,B05,2026-08-10,082-xxx-8328,2026-08-10
C02416,ณัฐ,ชาย,18-24,B05,2026-01-13,085-xxx-1089,2026-01-13
C02417,ภูมิ,หญิง,25-34,B03,2026-07-18,084-xxx-7879,2026-07-18
C02418,ทิพย์,หญิง,55+,B03,2026-02-15,081-xxx-8873,2026-02-15
C02419,ธนา,ชาย,35-44,B05,2025-04-20,086-xxx-5102,2025-04-20
C02420,สุดา,หญิง,45-54,B01,2025-09-16,081-xxx-4349,2025-09-16
C02421,ภูมิ,ชาย,25-34,B01,2025-07-10,089-xxx-4287,2025-07-10
C02422,ปวีณ,หญิง,45-54,B03,2026-06-09,083-xxx-7396,2026-06-09
C02423,ภูมิ,หญิง,25-34,B04,2025-10-24,087-xxx-9971,2025-10-24
C02424,นภัส,ชาย,35-44,B05,2025-08-18,085-xxx-5826,2025-08-18
C02425,ปิยะ,หญิง,35-44,B04,2025-10-25,089-xxx-4049,2025-10-25
C02426,ทิพย์,ชาย,18-24,B02,2025-09-04,089-xxx-6634,2025-09-04
C02427,กิตติ,ชาย,25-34,B01,2026-08-13,087-xxx-7597,2026-08-13
C02428,ภูมิ,ชาย,55+,B01,2025-04-28,086-xxx-8059,2025-04-28
C02429,สมชาย,หญิง,35-44,B02,2026-04-23,087-xxx-7267,2026-04-23
C02430,ศิริ,ชาย,18-24,B05,2025-11-18,083-xxx-9328,2025-11-18
C02431,ชนา,หญิง,18-24,B05,2026-08-22,088-xxx-7803,2026-08-22
C02432,ศิริ,หญิง,ต่ำกว่า 18,B04,2025-10-13,088-xxx-8001,2025-10-13
C02433,จิรา,หญิง,45-54,B05,2026-04-12,087-xxx-6089,2026-04-12
C02434,ธีร,ชาย,18-24,B05,2025-06-24,086-xxx-1678,2025-06-24
C02435,ชนา,ชาย,18-24,B05,2025-09-29,089-xxx-4729,2025-09-29
C02436,พิม,ชาย,18-24,B03,2026-06-10,088-xxx-5773,2026-06-10
C02437,รัตนา,ชาย,ต่ำกว่า 18,B05,2025-08-08,086-xxx-3705,2025-08-08
C02438,ทิพย์,หญิง,18-24,B03,2025-12-05,082-xxx-9054,2025-12-05
C02439,ปวีณ,หญิง,ต่ำกว่า 18,B01,2026-03-19,087-xxx-3004,2026-03-19
C02440,ภัทร,หญิง,25-34,B03,2026-01-24,083-xxx-1373,2026-01-24
C02441,รัตนา,หญิง,35-44,B05,2026-04-10,089-xxx-9920,2026-04-10
C02442,มานพ,ชาย,35-44,B03,2025-12-29,081-xxx-5430,2025-12-29
C02443,ภูมิ,ชาย,25-34,B04,2026-08-21,085-xxx-8928,2026-08-21
C02444,ชนา,หญิง,18-24,B05,2026-04-14,083-xxx-7588,2026-04-14
C02445,เกศ,หญิง,55+,B01,2026-02-15,083-xxx-7929,2026-02-15
C02446,รัตนา,หญิง,25-34,B01,2025-04-02,088-xxx-2642,2025-04-02
C02447,จิรา,ชาย,18-24,B03,2026-05-21,085-xxx-3438,2026-05-21
C02448,นภัส,หญิง,35-44,B02,2026-05-11,085-xxx-6619,2026-05-11
C02449,นภัส,หญิง,55+,B02,2026-01-24,081-xxx-2157,2026-01-24
C02450,ณัฐ,หญิง,45-54,B02,2025-10-09,086-xxx-3404,2025-10-09
C02451,ชนา,ชาย,25-34,B05,2026-04-09,083-xxx-3415,2026-04-09
C02452,เกศ,หญิง,18-24,B05,2025-12-12,087-xxx-6842,2025-12-12
C02453,จิรา,หญิง,45-54,B02,2026-06-13,083-xxx-1902,2026-06-13
C02454,พิม,หญิง,25-34,B03,2026-04-23,087-xxx-1165,2026-04-23
C02455,วรรณ,หญิง,45-54,B02,2026-05-31,084-xxx-8295,2026-05-31
C02456,ภัทร,ชาย,35-44,B01,2025-09-21,084-xxx-3785,2025-09-21
C02457,วรรณ,หญิง,35-44,B03,2026-09-01,087-xxx-7886,2026-09-01
C02458,นภัส,หญิง,45-54,B02,2026-03-16,083-xxx-5576,2026-03-16
C02459,เกศ,หญิง,45-54,B05,2026-07-29,088-xxx-3180,2026-07-29
C02460,ณัฐ,หญิง,55+,B01,2026-02-03,084-xxx-5183,2026-02-03
C02461,สมชาย,ชาย,18-24,B04,2025-07-28,082-xxx-6494,2025-07-28
C02462,สุดา,หญิง,35-44,B01,2026-04-20,088-xxx-4738,2026-04-20
C02463,กิตติ,ชาย,ต่ำกว่า 18,B04,2026-02-03,085-xxx-4175,2026-02-03
C02464,ธนา,ชาย,45-54,B04,2025-11-27,089-xxx-7818,2025-11-27
C02465,ภูมิ,หญิง,35-44,B02,2026-08-23,083-xxx-3554,2026-08-23
C02466,วีระ,หญิง,25-34,B01,2025-12-31,081-xxx-2925,2025-12-31
C02467,นภัส,หญิง,18-24,B02,2026-05-02,081-xxx-2289,2026-05-02
C02468,สุดา,หญิง,25-34,B02,2026-08-20,084-xxx-6955,2026-08-20
C02469,จิรา,หญิง,18-24,B05,2026-07-05,083-xxx-9877,2026-07-05
C02470,ธนา,ชาย,45-54,B01,2026-07-14,086-xxx-2679,2026-07-14
C02471,วีระ,หญิง,25-34,B03,2026-07-06,086-xxx-6841,2026-07-06
C02472,ธีร,ชาย,18-24,B05,2026-08-14,086-xxx-8459,2026-08-14
C02473,ณัฐ,หญิง,25-34,B04,2026-01-20,089-xxx-3668,2026-01-20
C02474,กิตติ,ชาย,18-24,B05,2025-11-25,089-xxx-7752,2025-11-25
C02475,ธีร,ชาย,35-44,B01,2026-08-06,087-xxx-2446,2026-08-06
C02476,ชนา,ชาย,35-44,B02,2026-05-03,087-xxx-2667,2026-05-03
C02477,ทิพย์,หญิง,ต่ำกว่า 18,B01,2025-06-22,083-xxx-6492,2025-06-22
C02478,วรรณ,ชาย,25-34,B04,2025-12-03,085-xxx-6885,2025-12-03
C02479,วรรณ,ชาย,18-24,B05,2026-06-09,089-xxx-6138,2026-06-09
C02480,อรุณ,หญิง,35-44,B01,2025-07-01,084-xxx-7813,2025-07-01
C02481,ปิยะ,หญิง,25-34,B04,2026-01-19,083-xxx-3164,2026-01-19
C02482,จิรา,หญิง,18-24,B04,2025-07-11,088-xxx-4262,2025-07-11
C02483,สมชาย,หญิง,18-24,B01,2026-03-12,082-xxx-5945,2026-03-12
C02484,ภัทร,หญิง,35-44,B05,2026-01-29,089-xxx-4881,2026-01-29
C02485,ปวีณ,หญิง,55+,B05,2025-08-26,088-xxx-8522,2025-08-26
C02486,นภัส,หญิง,18-24,B01,2025-05-29,086-xxx-2826,2025-05-29
C02487,อัญชลี,หญิง,45-54,B02,2026-09-04,083-xxx-5083,2026-09-04
C02488,มานพ,หญิง,25-34,B03,2026-01-13,082-xxx-3682,2026-01-13
C02489,จิรา,หญิง,35-44,B05,2026-07-06,083-xxx-4056,2026-07-06
C02490,กมล,หญิง,35-44,B04,2025-05-17,085-xxx-9184,2025-05-17
C02491,ธนา,ไม่ระบุ,18-24,B01,2025-12-29,087-xxx-6324,2025-12-29
C02492,ภัทร,หญิง,18-24,B01,2025-05-25,088-xxx-6179,2025-05-25
C02493,ภัทร,หญิง,18-24,B05,2025-08-24,087-xxx-6141,2025-08-24
C02494,นภัส,ไม่ระบุ,35-44,B05,2026-06-11,088-xxx-9309,2026-06-11
C02495,ภูมิ,หญิง,18-24,B05,2026-07-24,086-xxx-2827,2026-07-24
C02496,ชนา,ชาย,35-44,B03,2026-05-24,084-xxx-2215,2026-05-24
C02497,ภูมิ,หญิง,25-34,B02,2026-08-14,086-xxx-7915,2026-08-14
C02498,นภัส,ชาย,25-34,B01,2025-11-14,086-xxx-8193,2025-11-14
C02499,ภัทร,หญิง,18-24,B02,2026-06-24,081-xxx-6749,2026-06-24
C02500,ภูมิ,ชาย,35-44,B04,2025-07-29,083-xxx-9058,2025-07-29
C02501,ณัฐ,หญิง,25-34,B02,2025-12-07,081-xxx-9058,2025-12-07
C02502,วรรณ,หญิง,35-44,B03,2026-08-31,086-xxx-4924,2026-08-31
C02503,จิรา,หญิง,25-34,B01,2025-04-20,089-xxx-1648,2025-04-20
C02504,ปวีณ,หญิง,35-44,B01,2025-04-04,087-xxx-2785,2025-04-04
C02505,ธนา,หญิง,ต่ำกว่า 18,B01,2026-08-05,082-xxx-2425,2026-08-05
C02506,กิตติ,ชาย,25-34,B04,2026-09-06,086-xxx-3918,2026-09-06
C02507,ธีร,ชาย,25-34,B03,2025-12-03,088-xxx-9257,2025-12-03
C02508,อัญชลี,หญิง,55+,B01,2026-01-30,083-xxx-9869,2026-01-30
C02509,วรรณ,หญิง,35-44,B05,2025-09-20,085-xxx-9228,2025-09-20
C02510,ศิริ,ชาย,55+,B04,2025-12-27,088-xxx-4566,2025-12-27
C02511,ธีร,หญิง,25-34,B01,2026-08-16,086-xxx-1566,2026-08-16
C02512,นภัส,ชาย,18-24,B02,2025-12-24,086-xxx-8664,2025-12-24
C02513,สมชาย,ชาย,25-34,B05,2026-02-26,088-xxx-5048,2026-02-26
C02514,ธนา,ชาย,25-34,B01,2026-02-01,089-xxx-9741,2026-02-01
C02515,มานพ,หญิง,18-24,B01,2025-09-07,085-xxx-5315,2025-09-07
C02516,กิตติ,หญิง,25-34,B02,2026-01-25,087-xxx-6337,2026-01-25
C02517,นภัส,หญิง,18-24,B01,2026-08-07,083-xxx-3248,2026-08-07
C02518,ปิยะ,ไม่ระบุ,45-54,B04,2026-08-10,087-xxx-1775,2026-08-10
C02519,วีระ,หญิง,18-24,B02,2026-06-19,086-xxx-6019,2026-06-19
C02520,นภัส,ชาย,55+,B03,2026-05-04,083-xxx-8771,2026-05-04
C02521,สุดา,หญิง,25-34,B04,2025-04-14,087-xxx-2111,2025-04-14
C02522,พิม,หญิง,35-44,B02,2025-12-23,082-xxx-2519,2025-12-23
C02523,ธีร,หญิง,25-34,B05,2025-05-03,088-xxx-8387,2025-05-03
C02524,เกศ,ชาย,18-24,B05,2025-09-09,085-xxx-7777,2025-09-09
C02525,ภูมิ,ไม่ระบุ,35-44,B03,2026-03-23,085-xxx-2682,2026-03-23
C02526,อัญชลี,หญิง,25-34,B03,2026-01-26,082-xxx-8739,2026-01-26
C02527,ณัฐ,ชาย,18-24,B01,2025-11-09,081-xxx-4012,2025-11-09
C02528,มานพ,หญิง,35-44,B04,2025-07-06,088-xxx-1165,2025-07-06
C02529,อัญชลี,หญิง,55+,B05,2026-05-28,085-xxx-4416,2026-05-28
C02530,ปิยะ,หญิง,25-34,B03,2026-02-01,088-xxx-1439,2026-02-01
C02531,ปวีณ,หญิง,35-44,B02,2025-05-20,089-xxx-8395,2025-05-20
C02532,ณัฐ,หญิง,18-24,B01,2026-06-20,082-xxx-8948,2026-06-20
C02533,สมชาย,ชาย,25-34,B03,2026-01-20,084-xxx-6272,2026-01-20
C02534,วรรณ,หญิง,45-54,B01,2025-04-26,089-xxx-4472,2025-04-26
C02535,วีระ,ชาย,25-34,B01,2025-12-12,086-xxx-3745,2025-12-12
C02536,ธีร,ชาย,25-34,B01,2026-06-06,084-xxx-8238,2026-06-06
C02537,ปวีณ,หญิง,18-24,B05,2026-07-26,088-xxx-1198,2026-07-26
C02538,ปวีณ,ชาย,45-54,B04,2025-08-15,081-xxx-4703,2025-08-15
C02539,ณัฐ,หญิง,25-34,B05,2025-12-03,082-xxx-3730,2025-12-03
C02540,วีระ,ชาย,18-24,B03,2026-01-24,085-xxx-3913,2026-01-24
C02541,รัตนา,ชาย,25-34,B04,2025-10-10,085-xxx-5801,2025-10-10
C02542,อัญชลี,ชาย,55+,B03,2026-02-19,081-xxx-1343,2026-02-19
C02543,จิรา,หญิง,18-24,B02,2025-05-18,087-xxx-9828,2025-05-18
C02544,ธีร,ชาย,18-24,B01,2026-05-09,086-xxx-1801,2026-05-09
C02545,วีระ,ชาย,18-24,B04,2026-05-06,085-xxx-9375,2026-05-06
C02546,กิตติ,ชาย,18-24,B03,2026-07-24,089-xxx-9058,2026-07-24
C02547,วรรณ,หญิง,35-44,B03,2026-06-07,089-xxx-4180,2026-06-07
C02548,เกศ,หญิง,35-44,B05,2026-03-07,082-xxx-1298,2026-03-07
C02549,ทิพย์,ชาย,18-24,B05,2026-07-27,081-xxx-9650,2026-07-27
C02550,ภัทร,หญิง,55+,B02,2026-07-08,087-xxx-1476,2026-07-08
C02551,มานพ,หญิง,25-34,B02,2026-09-13,083-xxx-7911,2026-09-13
C02552,พิม,หญิง,55+,B03,2026-06-05,083-xxx-3699,2026-06-05
C02553,กมล,หญิง,55+,B02,2025-09-15,082-xxx-8085,2025-09-15
C02554,ธนา,หญิง,25-34,B02,2026-07-26,089-xxx-3505,2026-07-26
C02555,ธนา,ชาย,25-34,B01,2026-07-19,087-xxx-9028,2026-07-19
C02556,วีระ,หญิง,18-24,B01,2026-08-03,085-xxx-1889,2026-08-03
C02557,ปิยะ,หญิง,55+,B04,2025-08-02,083-xxx-8479,2025-08-02
C02558,ภัทร,ชาย,45-54,B03,2026-08-23,083-xxx-3717,2026-08-23
C02559,มานพ,ชาย,18-24,B02,2025-11-22,082-xxx-3706,2025-11-22
C02560,ธีร,หญิง,45-54,B04,2026-01-14,086-xxx-6293,2026-01-14
C02561,สมชาย,ชาย,25-34,B01,2025-10-14,087-xxx-3900,2025-10-14
C02562,ธนา,หญิง,35-44,B05,2025-08-20,089-xxx-7992,2025-08-20
C02563,ธนา,ชาย,35-44,B01,2026-05-28,088-xxx-8105,2026-05-28
C02564,ปวีณ,ชาย,18-24,B04,2026-01-04,085-xxx-9380,2026-01-04
C02565,ปิยะ,หญิง,25-34,B01,2025-12-11,089-xxx-4799,2025-12-11
C02566,ศิริ,หญิง,35-44,B05,2026-08-04,083-xxx-9586,2026-08-04
C02567,ปวีณ,หญิง,55+,B05,2026-04-08,083-xxx-4604,2026-04-08
C02568,ธนา,หญิง,35-44,B02,2025-07-28,082-xxx-6868,2025-07-28
C02569,มานพ,ชาย,45-54,B02,2026-09-04,083-xxx-9950,2026-09-04
C02570,ธนา,ชาย,18-24,B05,2026-03-01,085-xxx-7427,2026-03-01
C02571,พิม,ชาย,25-34,B05,2026-01-23,086-xxx-6476,2026-01-23
C02572,รัตนา,ชาย,35-44,B05,2025-11-22,084-xxx-8793,2025-11-22
C02573,ธีร,หญิง,45-54,B02,2025-07-22,085-xxx-1176,2025-07-22
C02574,ภัทร,หญิง,25-34,B01,2025-08-19,081-xxx-9201,2025-08-19
C02575,ศิริ,หญิง,25-34,B04,2025-10-01,084-xxx-1266,2025-10-01
C02576,ภัทร,หญิง,18-24,B04,2025-07-28,083-xxx-3364,2025-07-28
C02577,ปิยะ,หญิง,35-44,B01,2025-08-13,083-xxx-1809,2025-08-13
C02578,ชนา,ชาย,18-24,B03,2026-07-13,088-xxx-7836,2026-07-13
C02579,ภูมิ,หญิง,25-34,B02,2025-07-08,081-xxx-4791,2025-07-08
C02580,ปวีณ,ชาย,35-44,B03,2026-05-27,083-xxx-4038,2026-05-27
C02581,มานพ,ชาย,25-34,B03,2026-06-13,083-xxx-7961,2026-06-13
C02582,ปิยะ,หญิง,25-34,B03,2026-01-29,086-xxx-5995,2026-01-29
C02583,ศิริ,ชาย,18-24,B03,2026-06-18,087-xxx-5995,2026-06-18
C02584,ณัฐ,ชาย,35-44,B03,2026-06-19,081-xxx-5060,2026-06-19
C02585,ทิพย์,หญิง,35-44,B01,2025-08-09,088-xxx-3316,2025-08-09
C02586,นภัส,หญิง,25-34,B02,2026-07-22,085-xxx-2435,2026-07-22
C02587,เกศ,หญิง,25-34,B04,2025-10-03,083-xxx-6103,2025-10-03
C02588,ศิริ,ชาย,35-44,B04,2025-08-17,086-xxx-5769,2025-08-17
C02589,ชนา,หญิง,18-24,B05,2026-04-23,087-xxx-4286,2026-04-23
C02590,ชนา,หญิง,18-24,B02,2026-04-20,083-xxx-9403,2026-04-20
C02591,อรุณ,หญิง,18-24,B03,2026-09-10,089-xxx-2724,2026-09-10
C02592,พิม,หญิง,45-54,B01,2026-07-11,088-xxx-9623,2026-07-11
C02593,จิรา,ชาย,45-54,B02,2026-07-22,086-xxx-9370,2026-07-22
C02594,จิรา,หญิง,25-34,B04,2025-09-26,081-xxx-2164,2025-09-26
C02595,ชนา,ชาย,18-24,B05,2026-08-30,081-xxx-4557,2026-08-30
C02596,ธีร,ชาย,35-44,B02,2025-05-04,082-xxx-1145,2025-05-04
C02597,นภัส,หญิง,35-44,B03,2026-07-27,084-xxx-5750,2026-07-27
C02598,ชนา,หญิง,35-44,B01,2026-01-16,083-xxx-4378,2026-01-16
C02599,อรุณ,หญิง,35-44,B01,2026-04-16,082-xxx-4994,2026-04-16
C02600,ปวีณ,หญิง,35-44,B01,2025-10-23,082-xxx-8373,2025-10-23
C02601,รัตนา,หญิง,18-24,B01,2025-10-26,082-xxx-7091,2025-10-26
C02602,อรุณ,ชาย,25-34,B01,2026-08-12,087-xxx-5908,2026-08-12
C02603,กมล,หญิง,25-34,B02,2025-06-10,085-xxx-7301,2025-06-10
C02604,ธีร,ชาย,45-54,B01,2025-04-19,081-xxx-6917,2025-04-19
C02605,ทิพย์,ชาย,18-24,B01,2025-05-08,089-xxx-6022,2025-05-08
C02606,มานพ,ชาย,25-34,B02,2025-08-13,086-xxx-4839,2025-08-13
C02607,จิรา,หญิง,ต่ำกว่า 18,B03,2026-03-15,089-xxx-3285,2026-03-15
C02608,จิรา,หญิง,25-34,B02,2025-08-09,082-xxx-9565,2025-08-09
C02609,ภัทร,หญิง,25-34,B05,2025-08-05,081-xxx-5694,2025-08-05
C02610,ปวีณ,หญิง,25-34,B01,2025-07-08,082-xxx-6456,2025-07-08
C02611,พิม,หญิง,55+,B01,2025-08-18,081-xxx-4992,2025-08-18
C02612,ภูมิ,หญิง,ต่ำกว่า 18,B04,2026-08-12,089-xxx-1194,2026-08-12
C02613,พิม,ไม่ระบุ,25-34,B05,2025-10-23,082-xxx-1094,2025-10-23
C02614,ทิพย์,หญิง,45-54,B02,2026-04-17,089-xxx-7349,2026-04-17
C02615,สุดา,หญิง,35-44,B02,2025-05-30,085-xxx-6088,2025-05-30
C02616,อรุณ,หญิง,25-34,B03,2026-06-20,083-xxx-9241,2026-06-20
C02617,ภูมิ,หญิง,35-44,B01,2025-09-02,085-xxx-6221,2025-09-02
C02618,ภูมิ,หญิง,35-44,B03,2026-04-03,087-xxx-9355,2026-04-03
C02619,จิรา,หญิง,25-34,B05,2026-08-10,088-xxx-9666,2026-08-10
C02620,รัตนา,ชาย,18-24,B04,2026-06-06,082-xxx-6119,2026-06-06
C02621,ภัทร,หญิง,25-34,B02,2025-06-23,085-xxx-7015,2025-06-23
C02622,สมชาย,หญิง,35-44,B01,2026-01-23,087-xxx-7051,2026-01-23
C02623,นภัส,หญิง,25-34,B03,2026-02-05,085-xxx-6747,2026-02-05
C02624,จิรา,หญิง,45-54,B04,2025-11-25,087-xxx-3992,2025-11-25
C02625,ศิริ,หญิง,25-34,B01,2026-08-26,086-xxx-6793,2026-08-26
C02626,รัตนา,หญิง,25-34,B04,2026-08-18,089-xxx-3879,2026-08-18
C02627,สุดา,หญิง,35-44,B02,2026-08-02,081-xxx-7617,2026-08-02
C02628,ปวีณ,หญิง,25-34,B01,2025-07-21,081-xxx-2876,2025-07-21
C02629,พิม,หญิง,18-24,B05,2025-11-09,085-xxx-7888,2025-11-09
C02630,อัญชลี,หญิง,45-54,B02,2026-06-21,087-xxx-1147,2026-06-21
C02631,วีระ,ชาย,18-24,B03,2026-06-23,082-xxx-1250,2026-06-23
C02632,วีระ,ไม่ระบุ,35-44,B02,2025-12-29,087-xxx-8214,2025-12-29
C02633,ณัฐ,หญิง,55+,B05,2025-05-17,086-xxx-2464,2025-05-17
C02634,อรุณ,หญิง,18-24,B04,2025-04-14,087-xxx-2139,2025-04-14
C02635,อรุณ,หญิง,18-24,B01,2025-06-28,087-xxx-9492,2025-06-28
C02636,ปวีณ,หญิง,55+,B01,2025-06-03,084-xxx-4864,2025-06-03
C02637,พิม,ชาย,18-24,B03,2026-08-01,086-xxx-9984,2026-08-01
C02638,ศิริ,หญิง,25-34,B04,2025-06-29,081-xxx-4715,2025-06-29
C02639,เกศ,หญิง,55+,B04,2026-03-22,087-xxx-1625,2026-03-22
C02640,ธีร,ชาย,18-24,B03,2026-03-01,085-xxx-6439,2026-03-01
C02641,ทิพย์,ชาย,18-24,B04,2025-06-30,086-xxx-6536,2025-06-30
C02642,นภัส,ชาย,18-24,B05,2026-03-07,083-xxx-4885,2026-03-07
C02643,ปิยะ,หญิง,18-24,B01,2026-02-11,084-xxx-3771,2026-02-11
C02644,ธีร,หญิง,ต่ำกว่า 18,B01,2025-07-26,086-xxx-5217,2025-07-26
C02645,วีระ,หญิง,25-34,B05,2026-07-07,084-xxx-1911,2026-07-07
C02646,ปวีณ,หญิง,25-34,B04,2025-09-06,088-xxx-9741,2025-09-06
C02647,ปวีณ,หญิง,55+,B01,2026-04-18,082-xxx-8482,2026-04-18
C02648,จิรา,หญิง,45-54,B04,2025-09-13,089-xxx-9609,2025-09-13
C02649,พิม,หญิง,ต่ำกว่า 18,B01,2025-11-25,085-xxx-1106,2025-11-25
C02650,วรรณ,ชาย,25-34,B01,2026-05-26,082-xxx-5135,2026-05-26
C02651,ปิยะ,ชาย,18-24,B02,2025-04-18,087-xxx-2192,2025-04-18
C02652,อรุณ,หญิง,25-34,B02,2025-12-26,082-xxx-4122,2025-12-26
C02653,กมล,ชาย,25-34,B05,2026-05-23,085-xxx-7581,2026-05-23
C02654,ปวีณ,หญิง,25-34,B01,2025-09-06,081-xxx-6996,2025-09-06
C02655,วีระ,หญิง,18-24,B02,2026-02-13,087-xxx-6915,2026-02-13
C02656,ชนา,ชาย,55+,B01,2026-03-19,085-xxx-2942,2026-03-19
C02657,เกศ,หญิง,25-34,B01,2026-08-09,085-xxx-9097,2026-08-09
C02658,มานพ,ชาย,18-24,B01,2025-11-25,087-xxx-3419,2025-11-25
C02659,พิม,ชาย,25-34,B01,2025-05-05,089-xxx-7924,2025-05-05
C02660,สุดา,หญิง,45-54,B05,2026-07-10,087-xxx-6655,2026-07-10
C02661,สมชาย,ชาย,25-34,B02,2025-11-29,084-xxx-1218,2025-11-29
C02662,ธนา,หญิง,25-34,B05,2026-07-05,088-xxx-4565,2026-07-05
C02663,สมชาย,หญิง,45-54,B02,2026-01-02,089-xxx-7977,2026-01-02
C02664,ศิริ,หญิง,18-24,B03,2026-07-19,081-xxx-7677,2026-07-19
C02665,รัตนา,ชาย,55+,B02,2025-12-07,086-xxx-1298,2025-12-07
C02666,เกศ,หญิง,55+,B05,2025-11-04,083-xxx-4621,2025-11-04
C02667,ภัทร,หญิง,18-24,B05,2026-01-28,085-xxx-3399,2026-01-28
C02668,สุดา,ชาย,18-24,B01,2026-06-01,087-xxx-6342,2026-06-01
C02669,ศิริ,หญิง,25-34,B05,2025-06-05,082-xxx-2321,2025-06-05
C02670,ภัทร,หญิง,45-54,B02,2025-11-27,086-xxx-8324,2025-11-27
C02671,ปวีณ,หญิง,18-24,B01,2026-04-18,083-xxx-9508,2026-04-18
C02672,ณัฐ,ชาย,25-34,B03,2026-08-16,086-xxx-5592,2026-08-16
C02673,มานพ,หญิง,55+,B01,2025-07-27,087-xxx-8169,2025-07-27
C02674,ภูมิ,ชาย,55+,B01,2026-06-13,085-xxx-5123,2026-06-13
C02675,ปวีณ,หญิง,35-44,B01,2026-03-10,087-xxx-8812,2026-03-10
C02676,กิตติ,ชาย,25-34,B01,2026-05-14,084-xxx-9784,2026-05-14
C02677,นภัส,หญิง,18-24,B01,2025-11-01,085-xxx-5549,2025-11-01
C02678,กิตติ,หญิง,55+,B04,2026-02-24,086-xxx-6235,2026-02-24
C02679,มานพ,ชาย,25-34,B01,2026-05-25,086-xxx-8250,2026-05-25
C02680,วีระ,ชาย,45-54,B04,2025-04-12,083-xxx-2266,2025-04-12
C02681,ปิยะ,หญิง,35-44,B01,2025-10-22,084-xxx-1075,2025-10-22
C02682,อรุณ,หญิง,25-34,B02,2025-06-10,084-xxx-8820,2025-06-10
C02683,มานพ,หญิง,18-24,B02,2026-04-16,086-xxx-9614,2026-04-16
C02684,กมล,ชาย,25-34,B05,2026-08-21,082-xxx-5477,2026-08-21
C02685,มานพ,หญิง,35-44,B01,2025-07-10,085-xxx-5839,2025-07-10
C02686,ทิพย์,ชาย,55+,B05,2026-07-08,083-xxx-3922,2026-07-08
C02687,นภัส,ไม่ระบุ,25-34,B05,2025-08-02,083-xxx-7463,2025-08-02
C02688,อรุณ,ชาย,45-54,B02,2025-07-04,081-xxx-9181,2025-07-04
C02689,ภูมิ,ชาย,18-24,B03,2026-05-10,083-xxx-1901,2026-05-10
C02690,กิตติ,หญิง,45-54,B02,2026-05-01,085-xxx-4915,2026-05-01
C02691,ศิริ,หญิง,18-24,B02,2025-06-13,089-xxx-3164,2025-06-13
C02692,ธีร,หญิง,25-34,B01,2026-03-05,081-xxx-5401,2026-03-05
C02693,ณัฐ,หญิง,35-44,B01,2025-11-07,088-xxx-1803,2025-11-07
C02694,ทิพย์,ชาย,45-54,B02,2025-12-05,082-xxx-4131,2025-12-05
C02695,ธีร,ชาย,18-24,B05,2026-07-05,084-xxx-3117,2026-07-05
C02696,เกศ,ชาย,25-34,B01,2025-04-10,085-xxx-4034,2025-04-10
C02697,ชนา,ชาย,25-34,B04,2026-05-02,084-xxx-2419,2026-05-02
C02698,กิตติ,ชาย,45-54,B01,2025-07-10,084-xxx-8269,2025-07-10
C02699,ธนา,หญิง,25-34,B03,2026-08-03,083-xxx-2878,2026-08-03
C02700,พิม,หญิง,18-24,B04,2026-08-25,081-xxx-6010,2026-08-25
C02701,พิม,ไม่ระบุ,18-24,B04,2025-10-05,082-xxx-3166,2025-10-05
C02702,ภูมิ,หญิง,25-34,B02,2026-05-15,084-xxx-8566,2026-05-15
C02703,สุดา,หญิง,18-24,B04,2026-06-30,085-xxx-5513,2026-06-30
C02704,ภัทร,หญิง,45-54,B02,2025-05-11,085-xxx-5792,2025-05-11
C02705,ภูมิ,หญิง,25-34,B04,2026-02-04,087-xxx-5178,2026-02-04
C02706,ธีร,หญิง,25-34,B03,2026-02-12,081-xxx-3055,2026-02-12
C02707,ณัฐ,ชาย,18-24,B02,2025-10-02,082-xxx-1756,2025-10-02
C02708,วีระ,หญิง,45-54,B03,2026-02-21,085-xxx-2300,2026-02-21
C02709,ธีร,หญิง,35-44,B05,2025-06-22,084-xxx-9351,2025-06-22
C02710,สุดา,หญิง,18-24,B02,2026-04-04,081-xxx-2022,2026-04-04
C02711,รัตนา,หญิง,45-54,B02,2025-10-18,081-xxx-4367,2025-10-18
C02712,อัญชลี,หญิง,25-34,B02,2026-01-11,089-xxx-3457,2026-01-11
C02713,ภูมิ,ชาย,18-24,B01,2026-04-29,085-xxx-4192,2026-04-29
C02714,กิตติ,หญิง,18-24,B01,2026-05-29,086-xxx-1050,2026-05-29
C02715,เกศ,ชาย,35-44,B01,2025-10-09,083-xxx-1393,2025-10-09
C02716,ณัฐ,ชาย,18-24,B04,2026-06-19,082-xxx-8342,2026-06-19
C02717,ธนา,ไม่ระบุ,35-44,B02,2025-05-13,088-xxx-8911,2025-05-13
C02718,จิรา,หญิง,35-44,B02,2026-07-24,086-xxx-1216,2026-07-24
C02719,รัตนา,หญิง,ต่ำกว่า 18,B05,2026-07-06,089-xxx-4381,2026-07-06
C02720,ชนา,หญิง,45-54,B02,2025-06-24,083-xxx-1649,2025-06-24
C02721,ทิพย์,ชาย,35-44,B05,2025-06-20,089-xxx-1798,2025-06-20
C02722,ปิยะ,หญิง,25-34,B02,2026-09-14,081-xxx-5355,2026-09-14
C02723,กิตติ,ชาย,35-44,B02,2025-04-03,086-xxx-7952,2025-04-03
C02724,กมล,หญิง,25-34,B02,2026-08-29,083-xxx-9174,2026-08-29
C02725,ภูมิ,หญิง,25-34,B05,2025-10-13,088-xxx-4799,2025-10-13
C02726,อัญชลี,ชาย,18-24,B02,2025-09-04,089-xxx-1825,2025-09-04
C02727,กมล,ชาย,25-34,B04,2026-03-27,081-xxx-3739,2026-03-27
C02728,ธนา,หญิง,18-24,B01,2025-12-11,085-xxx-9315,2025-12-11
C02729,กมล,หญิง,35-44,B01,2025-11-12,088-xxx-1191,2025-11-12
C02730,อรุณ,หญิง,18-24,B05,2025-09-16,087-xxx-5752,2025-09-16
C02731,วรรณ,หญิง,25-34,B05,2025-04-13,081-xxx-7688,2025-04-13
C02732,พิม,หญิง,35-44,B02,2025-12-16,088-xxx-9160,2025-12-16
C02733,สุดา,ชาย,45-54,B05,2026-05-20,081-xxx-8294,2026-05-20
C02734,ธีร,หญิง,25-34,B03,2026-02-20,083-xxx-6030,2026-02-20
C02735,ณัฐ,ชาย,25-34,B05,2025-04-21,081-xxx-4164,2025-04-21
C02736,ชนา,หญิง,25-34,B05,2026-03-21,085-xxx-7018,2026-03-21
C02737,สมชาย,หญิง,45-54,B05,2026-04-30,085-xxx-5112,2026-04-30
C02738,ธนา,หญิง,45-54,B03,2025-11-13,087-xxx-4374,2025-11-13
C02739,อัญชลี,หญิง,25-34,B05,2026-03-19,086-xxx-6946,2026-03-19
C02740,ทิพย์,หญิง,45-54,B02,2025-11-16,084-xxx-1725,2025-11-16
C02741,อรุณ,หญิง,18-24,B05,2025-09-05,084-xxx-7156,2025-09-05
C02742,จิรา,ชาย,18-24,B03,2026-04-17,084-xxx-4577,2026-04-17
C02743,ปิยะ,ชาย,55+,B05,2025-04-02,087-xxx-2795,2025-04-02
C02744,เกศ,หญิง,45-54,B04,2026-01-22,087-xxx-5907,2026-01-22
C02745,พิม,หญิง,25-34,B02,2025-11-08,082-xxx-9142,2025-11-08
C02746,ภัทร,หญิง,ต่ำกว่า 18,B04,2025-07-21,087-xxx-2441,2025-07-21
C02747,กิตติ,ชาย,35-44,B02,2026-04-21,088-xxx-8388,2026-04-21
C02748,รัตนา,หญิง,35-44,B01,2026-07-11,082-xxx-4891,2026-07-11
C02749,ทิพย์,ชาย,18-24,B05,2026-02-06,083-xxx-7100,2026-02-06
C02750,ภัทร,หญิง,18-24,B05,2025-04-06,084-xxx-1761,2025-04-06
C02751,ธีร,ชาย,18-24,B01,2025-10-28,086-xxx-8805,2025-10-28
C02752,พิม,ชาย,45-54,B01,2026-06-28,081-xxx-2444,2026-06-28
C02753,ธนา,ชาย,18-24,B01,2026-01-07,089-xxx-5255,2026-01-07
C02754,พิม,หญิง,18-24,B04,2025-04-06,089-xxx-5725,2025-04-06
C02755,ณัฐ,หญิง,18-24,B02,2026-01-24,083-xxx-3592,2026-01-24
C02756,กมล,หญิง,25-34,B02,2026-08-18,084-xxx-3551,2026-08-18
C02757,วีระ,หญิง,25-34,B01,2025-08-30,083-xxx-4251,2025-08-30
C02758,ทิพย์,หญิง,25-34,B02,2026-08-24,089-xxx-7069,2026-08-24
C02759,กิตติ,หญิง,25-34,B05,2025-09-30,089-xxx-2395,2025-09-30
C02760,ทิพย์,หญิง,25-34,B02,2026-02-11,089-xxx-7119,2026-02-11
C02761,ภูมิ,ชาย,25-34,B04,2025-09-04,084-xxx-3779,2025-09-04
C02762,ชนา,ชาย,25-34,B04,2026-08-07,084-xxx-8224,2026-08-07
C02763,ภูมิ,ชาย,25-34,B05,2025-09-18,081-xxx-1330,2025-09-18
C02764,นภัส,หญิง,18-24,B01,2025-05-17,082-xxx-4606,2025-05-17
C02765,พิม,หญิง,18-24,B01,2026-05-17,089-xxx-6192,2026-05-17
C02766,สุดา,ชาย,18-24,B05,2026-05-19,085-xxx-1626,2026-05-19
C02767,กมล,หญิง,45-54,B01,2026-04-05,087-xxx-3739,2026-04-05
C02768,สุดา,หญิง,55+,B01,2025-12-20,085-xxx-2946,2025-12-20
C02769,มานพ,หญิง,18-24,B03,2026-04-26,084-xxx-9767,2026-04-26
C02770,สุดา,หญิง,45-54,B03,2026-02-21,085-xxx-8298,2026-02-21
C02771,เกศ,ชาย,18-24,B02,2026-09-08,085-xxx-1900,2026-09-08
C02772,สมชาย,ไม่ระบุ,18-24,B04,2025-12-05,085-xxx-7975,2025-12-05
C02773,วรรณ,หญิง,18-24,B05,2025-12-29,083-xxx-4644,2025-12-29
C02774,ภัทร,ชาย,18-24,B01,2025-08-15,082-xxx-8210,2025-08-15
C02775,รัตนา,หญิง,18-24,B05,2025-08-05,086-xxx-3257,2025-08-05
C02776,รัตนา,ชาย,18-24,B05,2026-03-14,087-xxx-4647,2026-03-14
C02777,ศิริ,ชาย,55+,B04,2025-04-07,084-xxx-7882,2025-04-07
C02778,พิม,ชาย,45-54,B04,2026-03-23,087-xxx-2634,2026-03-23
C02779,ณัฐ,หญิง,35-44,B01,2025-06-28,081-xxx-4980,2025-06-28
C02780,สมชาย,หญิง,35-44,B05,2025-06-17,087-xxx-4120,2025-06-17
C02781,ปวีณ,ชาย,25-34,B05,2026-07-23,088-xxx-1293,2026-07-23
C02782,สุดา,ชาย,18-24,B02,2026-02-19,084-xxx-1214,2026-02-19
C02783,ภูมิ,ชาย,25-34,B03,2025-11-26,087-xxx-8614,2025-11-26
C02784,วีระ,ชาย,25-34,B05,2026-06-07,085-xxx-6929,2026-06-07
C02785,เกศ,หญิง,25-34,B05,2026-03-31,087-xxx-6780,2026-03-31
C02786,ณัฐ,หญิง,25-34,B04,2026-02-17,086-xxx-8637,2026-02-17
C02787,รัตนา,ไม่ระบุ,25-34,B02,2026-02-21,083-xxx-7899,2026-02-21
C02788,ภัทร,หญิง,18-24,B01,2025-04-21,086-xxx-4409,2025-04-21
C02789,ปวีณ,หญิง,25-34,B05,2026-07-09,083-xxx-1589,2026-07-09
C02790,รัตนา,หญิง,35-44,B02,2025-12-04,082-xxx-7664,2025-12-04
C02791,พิม,หญิง,55+,B01,2026-06-28,081-xxx-8137,2026-06-28
C02792,อัญชลี,หญิง,45-54,B03,2026-06-15,082-xxx-1601,2026-06-15
C02793,รัตนา,ชาย,25-34,B02,2025-05-27,086-xxx-2802,2025-05-27
C02794,ปิยะ,ชาย,25-34,B05,2025-06-25,083-xxx-6992,2025-06-25
C02795,ภัทร,หญิง,18-24,B01,2026-03-22,083-xxx-4203,2026-03-22
C02796,เกศ,หญิง,25-34,B05,2025-11-28,083-xxx-9129,2025-11-28
C02797,ณัฐ,ชาย,ต่ำกว่า 18,B05,2025-12-29,086-xxx-1088,2025-12-29
C02798,ภูมิ,ชาย,25-34,B02,2026-08-21,085-xxx-3912,2026-08-21
C02799,วีระ,หญิง,18-24,B03,2026-01-05,087-xxx-2425,2026-01-05
C02800,ภัทร,ชาย,55+,B05,2025-11-21,082-xxx-4582,2025-11-21
C02801,กิตติ,ชาย,35-44,B03,2026-08-02,089-xxx-2716,2026-08-02
C02802,วรรณ,หญิง,18-24,B02,2026-05-29,082-xxx-1488,2026-05-29
C02803,พิม,หญิง,35-44,B03,2026-05-09,085-xxx-2542,2026-05-09
C02804,ภูมิ,หญิง,25-34,B05,2026-06-10,082-xxx-1979,2026-06-10
C02805,ปวีณ,หญิง,25-34,B01,2025-12-11,084-xxx-7139,2025-12-11
C02806,วรรณ,หญิง,35-44,B03,2026-02-16,082-xxx-5240,2026-02-16
C02807,มานพ,ชาย,18-24,B05,2026-01-26,084-xxx-3267,2026-01-26
C02808,รัตนา,ชาย,18-24,B04,2026-04-28,087-xxx-6674,2026-04-28
C02809,วรรณ,ชาย,25-34,B01,2025-08-10,087-xxx-8469,2025-08-10
C02810,อรุณ,ชาย,45-54,B01,2025-06-13,087-xxx-1442,2025-06-13
C02811,รัตนา,หญิง,18-24,B03,2026-02-27,083-xxx-9413,2026-02-27
C02812,นภัส,ชาย,25-34,B03,2026-01-26,087-xxx-1324,2026-01-26
C02813,รัตนา,หญิง,18-24,B01,2025-07-24,081-xxx-1110,2025-07-24
C02814,วีระ,หญิง,55+,B03,2026-05-24,082-xxx-3534,2026-05-24
C02815,จิรา,หญิง,18-24,B02,2026-03-27,083-xxx-1568,2026-03-27
C02816,วีระ,หญิง,35-44,B02,2025-06-23,089-xxx-1257,2025-06-23
C02817,กิตติ,ชาย,25-34,B01,2025-10-13,084-xxx-1177,2025-10-13
C02818,กมล,หญิง,18-24,B04,2026-08-29,084-xxx-8616,2026-08-29
C02819,ธีร,หญิง,45-54,B01,2026-02-19,085-xxx-4115,2026-02-19
C02820,ปิยะ,หญิง,18-24,B04,2026-08-16,089-xxx-7123,2026-08-16
C02821,กิตติ,ชาย,18-24,B01,2026-07-21,083-xxx-4820,2026-07-21
C02822,ภูมิ,หญิง,25-34,B01,2025-07-25,086-xxx-3484,2025-07-25
C02823,ศิริ,ชาย,18-24,B05,2025-10-14,086-xxx-5278,2025-10-14
C02824,ชนา,ชาย,35-44,B04,2026-01-03,083-xxx-9541,2026-01-03
C02825,จิรา,หญิง,45-54,B03,2026-03-10,089-xxx-3337,2026-03-10
C02826,ภูมิ,ชาย,18-24,B03,2026-05-01,088-xxx-3301,2026-05-01
C02827,ชนา,หญิง,35-44,B02,2025-10-03,081-xxx-4146,2025-10-03
C02828,เกศ,ชาย,25-34,B02,2026-05-29,088-xxx-6153,2026-05-29
C02829,ปิยะ,หญิง,18-24,B04,2025-09-22,087-xxx-7067,2025-09-22
C02830,ธนา,หญิง,25-34,B02,2025-08-14,081-xxx-8253,2025-08-14
C02831,กิตติ,หญิง,25-34,B03,2025-12-16,086-xxx-6145,2025-12-16
C02832,วีระ,หญิง,18-24,B04,2026-08-19,084-xxx-7961,2026-08-19
C02833,ชนา,ไม่ระบุ,18-24,B02,2026-03-26,086-xxx-7143,2026-03-26
C02834,ภัทร,ชาย,25-34,B04,2025-06-05,086-xxx-9435,2025-06-05
C02835,ปิยะ,ชาย,45-54,B02,2026-06-03,083-xxx-6615,2026-06-03
C02836,ณัฐ,หญิง,25-34,B01,2026-05-27,083-xxx-6073,2026-05-27
C02837,เกศ,ชาย,18-24,B01,2025-10-01,088-xxx-4914,2025-10-01
C02838,นภัส,หญิง,25-34,B05,2025-08-20,088-xxx-2026,2025-08-20
C02839,สุดา,หญิง,55+,B02,2026-06-05,086-xxx-1790,2026-06-05
C02840,สุดา,ไม่ระบุ,55+,B03,2026-08-10,084-xxx-1253,2026-08-10
C02841,ปิยะ,ชาย,45-54,B05,2026-02-25,087-xxx-5999,2026-02-25
C02842,สุดา,หญิง,18-24,B05,2025-07-01,085-xxx-1908,2025-07-01
C02843,ธีร,หญิง,25-34,B05,2026-05-20,081-xxx-5843,2026-05-20
C02844,เกศ,หญิง,25-34,B02,2025-12-06,082-xxx-6358,2025-12-06
C02845,ศิริ,ชาย,18-24,B04,2026-06-29,082-xxx-9442,2026-06-29
C02846,กิตติ,หญิง,18-24,B04,2025-06-12,081-xxx-1373,2025-06-12
C02847,ปวีณ,ชาย,25-34,B04,2026-04-06,081-xxx-3788,2026-04-06
C02848,อัญชลี,ชาย,18-24,B02,2026-04-01,081-xxx-1155,2026-04-01
C02849,ชนา,ชาย,45-54,B04,2026-08-24,085-xxx-5194,2026-08-24
C02850,กิตติ,หญิง,25-34,B02,2025-11-01,084-xxx-7453,2025-11-01
C02851,ธีร,หญิง,18-24,B03,2026-09-13,082-xxx-9519,2026-09-13
C02852,พิม,หญิง,25-34,B04,2026-07-08,081-xxx-4317,2026-07-08
C02853,ปิยะ,หญิง,35-44,B03,2026-01-11,082-xxx-3762,2026-01-11
C02854,ธีร,หญิง,18-24,B05,2026-08-26,084-xxx-4182,2026-08-26
C02855,ทิพย์,ชาย,18-24,B02,2026-01-29,081-xxx-2526,2026-01-29
C02856,อรุณ,หญิง,25-34,B03,2026-07-30,087-xxx-2200,2026-07-30
C02857,ชนา,หญิง,18-24,B02,2025-09-03,082-xxx-2647,2025-09-03
C02858,ธนา,ชาย,ต่ำกว่า 18,B05,2025-08-30,083-xxx-1909,2025-08-30
C02859,รัตนา,หญิง,55+,B01,2026-03-23,083-xxx-1203,2026-03-23
C02860,สุดา,ไม่ระบุ,35-44,B02,2026-05-21,087-xxx-7116,2026-05-21
C02861,นภัส,หญิง,45-54,B04,2026-07-19,086-xxx-2662,2026-07-19
C02862,พิม,หญิง,35-44,B05,2025-12-24,089-xxx-2726,2025-12-24
C02863,อรุณ,หญิง,18-24,B05,2025-12-22,085-xxx-7361,2025-12-22
C02864,สุดา,ชาย,35-44,B01,2025-10-26,088-xxx-9206,2025-10-26
C02865,มานพ,ชาย,25-34,B04,2025-09-10,084-xxx-1772,2025-09-10
C02866,สุดา,หญิง,18-24,B01,2025-10-20,082-xxx-9902,2025-10-20
C02867,ธนา,ชาย,25-34,B04,2025-04-04,083-xxx-7213,2025-04-04
C02868,ธีร,หญิง,25-34,B03,2026-02-19,088-xxx-5772,2026-02-19
C02869,วีระ,หญิง,55+,B04,2026-06-01,084-xxx-6498,2026-06-01
C02870,ทิพย์,หญิง,45-54,B01,2025-07-17,083-xxx-8219,2025-07-17
C02871,ภูมิ,หญิง,18-24,B02,2026-05-08,082-xxx-8112,2026-05-08
C02872,ปวีณ,หญิง,ต่ำกว่า 18,B04,2025-09-12,084-xxx-3940,2025-09-12
C02873,ธีร,หญิง,25-34,B01,2026-02-02,081-xxx-2731,2026-02-02
C02874,รัตนา,ชาย,ต่ำกว่า 18,B05,2026-05-29,087-xxx-1356,2026-05-29
C02875,นภัส,หญิง,45-54,B02,2026-01-14,089-xxx-8904,2026-01-14
C02876,รัตนา,หญิง,55+,B05,2025-04-07,085-xxx-9986,2025-04-07
C02877,ภัทร,หญิง,25-34,B05,2025-05-22,081-xxx-9540,2025-05-22
C02878,อัญชลี,ไม่ระบุ,18-24,B04,2026-06-27,088-xxx-6423,2026-06-27
C02879,สมชาย,หญิง,35-44,B01,2025-07-18,087-xxx-6108,2025-07-18
C02880,กมล,หญิง,45-54,B02,2026-07-04,081-xxx-6268,2026-07-04
C02881,รัตนา,หญิง,25-34,B04,2026-04-13,086-xxx-5110,2026-04-13
C02882,ภูมิ,ชาย,35-44,B01,2026-07-30,088-xxx-6415,2026-07-30
C02883,สมชาย,หญิง,35-44,B05,2026-02-12,083-xxx-5541,2026-02-12
C02884,อรุณ,ชาย,18-24,B05,2025-04-02,081-xxx-1665,2025-04-02
C02885,วรรณ,ชาย,25-34,B01,2026-07-30,086-xxx-4289,2026-07-30
C02886,พิม,หญิง,25-34,B04,2026-09-09,086-xxx-1553,2026-09-09
C02887,จิรา,ชาย,55+,B05,2026-09-12,085-xxx-8887,2026-09-12
C02888,ภัทร,ชาย,35-44,B01,2025-12-10,087-xxx-1944,2025-12-10
C02889,พิม,หญิง,18-24,B02,2025-10-03,082-xxx-6932,2025-10-03
C02890,ชนา,หญิง,25-34,B04,2026-07-01,086-xxx-7249,2026-07-01
C02891,วรรณ,หญิง,25-34,B04,2025-05-27,083-xxx-1715,2025-05-27
C02892,ทิพย์,หญิง,55+,B04,2026-03-12,089-xxx-7647,2026-03-12
C02893,ธนา,ชาย,35-44,B02,2026-03-29,086-xxx-2677,2026-03-29
C02894,มานพ,ไม่ระบุ,45-54,B02,2025-07-13,081-xxx-5662,2025-07-13
C02895,ชนา,หญิง,18-24,B05,2026-08-24,085-xxx-8531,2026-08-24
C02896,จิรา,ชาย,25-34,B01,2025-05-06,081-xxx-8619,2025-05-06
C02897,จิรา,หญิง,35-44,B03,2026-03-25,082-xxx-8678,2026-03-25
C02898,จิรา,ชาย,18-24,B03,2026-05-01,083-xxx-1114,2026-05-01
C02899,นภัส,หญิง,55+,B04,2026-05-12,085-xxx-3172,2026-05-12
C02900,อรุณ,หญิง,18-24,B05,2025-04-11,084-xxx-6220,2025-04-11
C02901,สมชาย,ไม่ระบุ,45-54,B04,2026-03-29,082-xxx-5031,2026-03-29
C02902,อัญชลี,หญิง,35-44,B05,2026-07-15,087-xxx-9592,2026-07-15
C02903,ปิยะ,ชาย,55+,B04,2026-03-02,083-xxx-8210,2026-03-02
C02904,รัตนา,หญิง,35-44,B02,2026-01-27,084-xxx-6971,2026-01-27
C02905,นภัส,ชาย,35-44,B01,2025-10-21,088-xxx-5469,2025-10-21
C02906,รัตนา,หญิง,25-34,B05,2026-07-18,089-xxx-4645,2026-07-18
C02907,วีระ,หญิง,18-24,B04,2025-06-05,085-xxx-4273,2025-06-05
C02908,พิม,หญิง,18-24,B01,2026-05-12,087-xxx-6052,2026-05-12
C02909,อัญชลี,ชาย,25-34,B02,2026-08-21,081-xxx-4107,2026-08-21
C02910,ธนา,หญิง,25-34,B05,2026-07-14,081-xxx-9893,2026-07-14
C02911,ภูมิ,หญิง,25-34,B03,2026-01-26,089-xxx-9667,2026-01-26
C02912,เกศ,ชาย,25-34,B02,2026-03-25,087-xxx-5526,2026-03-25
C02913,ทิพย์,ชาย,25-34,B05,2025-07-08,082-xxx-1307,2025-07-08
C02914,ชนา,หญิง,18-24,B01,2026-07-01,083-xxx-5214,2026-07-01
C02915,พิม,ชาย,35-44,B02,2026-03-05,082-xxx-4896,2026-03-05
C02916,ปิยะ,หญิง,18-24,B01,2025-07-01,083-xxx-2823,2025-07-01
C02917,ธีร,ชาย,25-34,B02,2025-06-04,088-xxx-9453,2025-06-04
C02918,พิม,ชาย,35-44,B05,2026-01-07,089-xxx-3438,2026-01-07
C02919,วรรณ,หญิง,18-24,B04,2026-01-29,086-xxx-9485,2026-01-29
C02920,รัตนา,หญิง,45-54,B05,2025-06-26,084-xxx-7612,2025-06-26
C02921,รัตนา,หญิง,55+,B01,2026-06-16,081-xxx-2187,2026-06-16
C02922,ชนา,หญิง,25-34,B02,2025-04-30,085-xxx-4782,2025-04-30
C02923,ณัฐ,ชาย,25-34,B01,2025-05-08,089-xxx-4583,2025-05-08
C02924,ธีร,ชาย,25-34,B01,2025-05-07,084-xxx-4916,2025-05-07
C02925,ภัทร,หญิง,ต่ำกว่า 18,B02,2025-12-31,088-xxx-9575,2025-12-31
C02926,รัตนา,ชาย,25-34,B01,2025-10-16,088-xxx-5089,2025-10-16
C02927,กิตติ,ชาย,ต่ำกว่า 18,B01,2025-08-25,084-xxx-9270,2025-08-25
C02928,ธีร,หญิง,55+,B03,2026-06-06,088-xxx-1649,2026-06-06
C02929,วรรณ,หญิง,18-24,B02,2026-05-07,081-xxx-7545,2026-05-07
C02930,กมล,หญิง,35-44,B04,2025-11-01,088-xxx-3408,2025-11-01
C02931,ชนา,ชาย,ต่ำกว่า 18,B02,2025-10-08,083-xxx-8706,2025-10-08
C02932,อรุณ,หญิง,45-54,B02,2025-09-25,081-xxx-2002,2025-09-25
C02933,วีระ,ชาย,ต่ำกว่า 18,B04,2026-03-05,086-xxx-6611,2026-03-05
C02934,สมชาย,หญิง,25-34,B05,2026-07-25,085-xxx-8684,2026-07-25
C02935,สุดา,หญิง,18-24,B04,2025-12-31,081-xxx-1670,2025-12-31
C02936,ชนา,ไม่ระบุ,25-34,B05,2026-04-04,081-xxx-4415,2026-04-04
C02937,เกศ,ชาย,35-44,B04,2026-02-23,085-xxx-8246,2026-02-23
C02938,นภัส,หญิง,18-24,B03,2025-12-05,086-xxx-8017,2025-12-05
C02939,กมล,หญิง,18-24,B02,2025-09-10,087-xxx-5766,2025-09-10
C02940,ปิยะ,ชาย,25-34,B02,2025-11-12,086-xxx-2850,2025-11-12
C02941,ณัฐ,ชาย,35-44,B02,2026-08-28,083-xxx-8225,2026-08-28
C02942,เกศ,ชาย,35-44,B01,2026-02-19,085-xxx-5599,2026-02-19
C02943,จิรา,ชาย,35-44,B03,2026-05-18,084-xxx-4839,2026-05-18
C02944,สุดา,หญิง,35-44,B01,2026-05-14,089-xxx-6741,2026-05-14
C02945,นภัส,หญิง,45-54,B02,2025-09-30,083-xxx-7200,2025-09-30
C02946,จิรา,หญิง,25-34,B01,2025-10-17,085-xxx-6923,2025-10-17
C02947,อัญชลี,หญิง,25-34,B01,2025-12-13,085-xxx-3074,2025-12-13
C02948,กมล,หญิง,35-44,B01,2026-02-07,085-xxx-9615,2026-02-07
C02949,มานพ,ชาย,25-34,B05,2026-01-29,088-xxx-5743,2026-01-29
C02950,ศิริ,ไม่ระบุ,25-34,B01,2026-02-12,087-xxx-3019,2026-02-12
C02951,ทิพย์,ชาย,25-34,B05,2025-06-30,082-xxx-7534,2025-06-30
C02952,ชนา,หญิง,ต่ำกว่า 18,B05,2026-06-09,086-xxx-3211,2026-06-09
C02953,ทิพย์,ชาย,45-54,B02,2026-02-08,085-xxx-8531,2026-02-08
C02954,นภัส,หญิง,25-34,B02,2025-06-22,086-xxx-1535,2025-06-22
C02955,นภัส,ชาย,18-24,B03,2026-05-04,089-xxx-7335,2026-05-04
C02956,ภูมิ,หญิง,45-54,B01,2025-07-19,089-xxx-2506,2025-07-19
C02957,พิม,หญิง,35-44,B03,2026-01-03,083-xxx-4143,2026-01-03
C02958,ปวีณ,หญิง,55+,B05,2025-04-18,082-xxx-5185,2025-04-18
C02959,ศิริ,หญิง,18-24,B02,2025-11-25,084-xxx-1130,2025-11-25
C02960,ธนา,ชาย,25-34,B05,2026-01-19,088-xxx-7854,2026-01-19
C02961,ปวีณ,ชาย,18-24,B02,2026-01-22,083-xxx-9441,2026-01-22
C02962,ปิยะ,หญิง,25-34,B05,2025-08-13,084-xxx-4895,2025-08-13
C02963,ชนา,หญิง,18-24,B04,2026-04-25,088-xxx-7141,2026-04-25
C02964,อัญชลี,ชาย,18-24,B05,2026-02-25,088-xxx-6591,2026-02-25
C02965,กิตติ,ชาย,25-34,B01,2026-06-25,086-xxx-9815,2026-06-25
C02966,ศิริ,ชาย,18-24,B03,2026-08-15,088-xxx-4808,2026-08-15
C02967,สมชาย,ชาย,25-34,B03,2026-06-18,086-xxx-6398,2026-06-18
C02968,กิตติ,ชาย,25-34,B05,2025-08-09,087-xxx-7059,2025-08-09
C02969,อัญชลี,ชาย,55+,B05,2025-12-07,087-xxx-3879,2025-12-07
C02970,ธนา,หญิง,25-34,B04,2026-08-23,088-xxx-6285,2026-08-23
C02971,ปวีณ,ไม่ระบุ,18-24,B05,2025-05-22,086-xxx-3546,2025-05-22
C02972,สมชาย,หญิง,18-24,B05,2026-02-23,085-xxx-8364,2026-02-23
C02973,สุดา,หญิง,35-44,B01,2025-09-15,082-xxx-4444,2025-09-15
C02974,รัตนา,ชาย,35-44,B05,2026-04-30,081-xxx-9545,2026-04-30
C02975,จิรา,ชาย,25-34,B01,2026-03-09,085-xxx-1088,2026-03-09
C02976,ภัทร,ชาย,35-44,B02,2025-08-20,084-xxx-6408,2025-08-20
C02977,สมชาย,ชาย,25-34,B04,2026-08-19,087-xxx-6186,2026-08-19
C02978,จิรา,หญิง,55+,B04,2026-05-22,086-xxx-8060,2026-05-22
C02979,อัญชลี,ชาย,55+,B05,2025-08-25,081-xxx-2533,2025-08-25
C02980,พิม,ชาย,45-54,B05,2025-04-04,086-xxx-7735,2025-04-04
C02981,มานพ,หญิง,25-34,B05,2025-07-31,083-xxx-1137,2025-07-31
C02982,นภัส,ชาย,18-24,B03,2026-08-12,088-xxx-6520,2026-08-12
C02983,ปิยะ,หญิง,25-34,B04,2025-11-16,083-xxx-7897,2025-11-16
C02984,ปิยะ,หญิง,35-44,B05,2026-05-17,085-xxx-1763,2026-05-17
C02985,มานพ,หญิง,25-34,B02,2026-05-06,088-xxx-3731,2026-05-06
C02986,ปิยะ,หญิง,35-44,B01,2025-08-14,083-xxx-9417,2025-08-14
C02987,ชนา,หญิง,18-24,B02,2025-08-20,088-xxx-8346,2025-08-20
C02988,วีระ,หญิง,25-34,B04,2026-05-13,084-xxx-7721,2026-05-13
C02989,วีระ,ชาย,ต่ำกว่า 18,B01,2026-05-03,085-xxx-9841,2026-05-03
C02990,วีระ,หญิง,25-34,B04,2026-09-14,088-xxx-3366,2026-09-14
C02991,นภัส,หญิง,18-24,B02,2026-07-27,089-xxx-4510,2026-07-27
C02992,สมชาย,หญิง,18-24,B05,2026-04-30,084-xxx-1665,2026-04-30
C02993,กมล,ชาย,35-44,B02,2025-11-09,088-xxx-1093,2025-11-09
C02994,มานพ,ชาย,35-44,B01,2025-04-25,084-xxx-7939,2025-04-25
C02995,ภัทร,หญิง,35-44,B01,2025-04-06,087-xxx-4141,2025-04-06
C02996,จิรา,ชาย,25-34,B04,2025-12-09,087-xxx-8495,2025-12-09
C02997,อัญชลี,ชาย,25-34,B01,2026-05-12,087-xxx-5634,2026-05-12
C02998,รัตนา,ชาย,ต่ำกว่า 18,B02,2026-09-11,086-xxx-6196,2026-09-11
C02999,สุดา,หญิง,18-24,B01,2025-09-16,083-xxx-9584,2025-09-16
C03000,กิตติ,ชาย,55+,B05,2026-06-07,088-xxx-8983,2026-06-07
